data_feed_id,merchant_id,merchant_name,aw_product_id,aw_deep_link,aw_image_url,aw_thumb_url,category_id,category_name,brand_id,brand_name,merchant_product_id,merchant_category,ean,product_name,description,promotional_text,language,merchant_deep_link,merchant_image_url,delivery_time,currency,search_price,delivery_cost,in_stock,product_type,keywords
425,425,Post-a-Rose,21854267931,https://www.awin1.com/pclick.php?p=21854267931&a=444089&m=425,https://images2.productserve.com/?w=200&h=200&bg=white&trim=5&t=letterbox&url=ssl%3Awww.post-a-rose.com%2Fprod_cat%2Fimages%2FSilver_Wedding_Anniversary_25_Roses__________wi480he480moletterboxbgwhite.jpg&feedId=425&k=5e6be96365c0ad53d92b93e49c152521978f22d9,https://images2.productserve.com/?w=70&h=70&bg=white&trim=5&t=letterbox&url=ssl%3Awww.post-a-rose.com%2Fprod_cat%2Fimages%2FSilver_Wedding_Anniversary_25_Roses__________wi480he480moletterboxbgwhite.jpg&feedId=425&k=5e6be96365c0ad53d92b93e49c152521978f22d9,393,Flowers,0,Post-a-Rose,ANV25,Flowers,5060147262193,"25th Wedding Anniversary Bouquet","This magnificent gift bouquet of 25 White Roses & Silver Foliage is a idea way to celebrate a 25th Wedding Anniversary. From our Deluxe range it comprises of 25 long-stemmed white Roses and is complemented by silver foliage and presented in decorative wrap.",,,https://www.post-a-rose.com/prod_cat/P_25th-wedding-anniversary-bouquet_7984_anniversary-flowers_1441.html,https://www.post-a-rose.com/prod_cat/images/Silver_Wedding_Anniversary_25_Roses__________wi480he480moletterboxbgwhite.jpg,"Next Day",GBP,45.5,0,1,main,"flowers, bouquet"
425,425,Post-a-Rose,21854267933,https://www.awin1.com/pclick.php?p=21854267933&a=444089&m=425,https://images2.productserve.com/?w=200&h=200&bg=white&trim=5&t=letterbox&url=ssl%3Awww.post-a-rose.com%2Fprod_cat%2Fimages%2F40th_Wedding_Anniversary_Ruby_Bouquet__________wi480he480moletterboxbgwhite.jpg&feedId=425&k=4e4635e54e779ab7e1fd8fe8c6f8d4174a496c63,https://images2.productserve.com/?w=70&h=70&bg=white&trim=5&t=letterbox&url=ssl%3Awww.post-a-rose.com%2Fprod_cat%2Fimages%2F40th_Wedding_Anniversary_Ruby_Bouquet__________wi480he480moletterboxbgwhite.jpg&feedId=425&k=4e4635e54e779ab7e1fd8fe8c6f8d4174a496c63,393,Flowers,0,Post-a-Rose,ANV40,Flowers,5060147262186,"40th Wedding Anniversary Bouquet","This magnificent gift bouquet of 40 Ruby Red Roses is a idea way to celebrate a 40th Wedding Anniversary. From our Prestige Collection it comprises of 40 long-stemmed ruby red roses and is complemented by seasonal foliage surrounded by striking aspidistra leaves and presented in attractive decorative wrap.",,,https://www.post-a-rose.com/prod_cat/P_40th-wedding-anniversary-bouquet_7985_anniversary-flowers_1441.html,https://www.post-a-rose.com/prod_cat/images/40th_Wedding_Anniversary_Ruby_Bouquet__________wi480he480moletterboxbgwhite.jpg,"Next Day",GBP,78,0,1,main,"flowers, bouquet"
425,425,Post-a-Rose,21854267935,https://www.awin1.com/pclick.php?p=21854267935&a=444089&m=425,https://images2.productserve.com/?w=200&h=200&bg=white&trim=5&t=letterbox&url=ssl%3Awww.post-a-rose.com%2Fprod_cat%2Fimages%2Fgolden_wedding_50_roses__________wi480he480moletterboxbgwhite.jpg&feedId=425&k=e5e6e110a63aee71f41c896274d10e8b0e53a095,https://images2.productserve.com/?w=70&h=70&bg=white&trim=5&t=letterbox&url=ssl%3Awww.post-a-rose.com%2Fprod_cat%2Fimages%2Fgolden_wedding_50_roses__________wi480he480moletterboxbgwhite.jpg&feedId=425&k=e5e6e110a63aee71f41c896274d10e8b0e53a095,393,Flowers,0,Post-a-Rose,ANV50,Flowers,5060147262179,"50th Wedding Anniversary Bouquet","This magnificent gift bouquet of 50 Golden Yellow Roses is a idea way to celebrate a 50th Wedding Anniversary. From our Prestige Collection it comprises of 50 long-stemmed golden yellow roses and is complemented by seasonal foliage surrounded by striking aspidistra leaves and presented in attractive decorative wrap.",,,https://www.post-a-rose.com/prod_cat/P_50th-wedding-anniversary-bouquet_7986_anniversary-flowers_1441.html,https://www.post-a-rose.com/prod_cat/images/golden_wedding_50_roses__________wi480he480moletterboxbgwhite.jpg,"Next Day",GBP,85,0,1,main,"flowers, bouquet"
425,425,Post-a-Rose,21854267927,https://www.awin1.com/pclick.php?p=21854267927&a=444089&m=425,https://images2.productserve.com/?w=200&h=200&bg=white&trim=5&t=letterbox&url=ssl%3Awww.post-a-rose.com%2Fprod_cat%2Fimages%2FBaby_Boy_Gift__________wi480he480moletterboxbgwhite.JPG&feedId=425&k=d421cbbc7687b99b1063dcb000d7dfbc25395a18,https://images2.productserve.com/?w=70&h=70&bg=white&trim=5&t=letterbox&url=ssl%3Awww.post-a-rose.com%2Fprod_cat%2Fimages%2FBaby_Boy_Gift__________wi480he480moletterboxbgwhite.JPG&feedId=425&k=d421cbbc7687b99b1063dcb000d7dfbc25395a18,393,Flowers,0,Post-a-Rose,BABYBG,Flowers,5060147262018,"New Baby Boy Gift","Celebrate a new arrival with this delightful floral gift bag. Tailored for a Baby Boy, this gift includes a bouquet tied by hand and presented with decorative wrap in a gift bag, a cuddly teddy bear and a 9 inch balloon.",,,https://www.post-a-rose.com/prod_cat/P_new-baby-boy-gift_7913_new-baby-flowers_1444.html,https://www.post-a-rose.com/prod_cat/images/Baby_Boy_Gift__________wi480he480moletterboxbgwhite.JPG,"Next Day",GBP,29.5,0,1,main,"flowers, bouquet"
425,425,Post-a-Rose,21854267925,https://www.awin1.com/pclick.php?p=21854267925&a=444089&m=425,https://images2.productserve.com/?w=200&h=200&bg=white&trim=5&t=letterbox&url=ssl%3Awww.post-a-rose.com%2Fprod_cat%2Fimages%2FBaby_Girl_Gift__________wi480he480moletterboxbgwhite.JPG&feedId=425&k=d35f4fd4dccd16eb701e7860472b9eb3075b955e,https://images2.productserve.com/?w=70&h=70&bg=white&trim=5&t=letterbox&url=ssl%3Awww.post-a-rose.com%2Fprod_cat%2Fimages%2FBaby_Girl_Gift__________wi480he480moletterboxbgwhite.JPG&feedId=425&k=d35f4fd4dccd16eb701e7860472b9eb3075b955e,393,Flowers,0,Post-a-Rose,BABYGG,Flowers,5060147262025,"New Baby Girl Gift","Celebrate a new arrival with this delightful floral gift bag. Tailored for a Baby Girl, this gift includes a bouquet tied by hand and presented with decorative wrap in a gift bag, a cuddly teddy bear and a 9 inch balloon.",,,https://www.post-a-rose.com/prod_cat/P_new-baby-girl-gift_7911_new-baby-flowers_1444.html,https://www.post-a-rose.com/prod_cat/images/Baby_Girl_Gift__________wi480he480moletterboxbgwhite.JPG,"Next Day",GBP,29.5,0,1,main,"flowers, bouquet"
425,425,Post-a-Rose,21854267939,https://www.awin1.com/pclick.php?p=21854267939&a=444089&m=425,https://images2.productserve.com/?w=200&h=200&bg=white&trim=5&t=letterbox&url=ssl%3Awww.post-a-rose.com%2Fprod_cat%2Fimages%2F21_birthday_bouquet_pink_v1__________wi480he480moletterboxbgwhite.jpg&feedId=425&k=86e217c49ff1c414e4cd8e897a41943daa912552,https://images2.productserve.com/?w=70&h=70&bg=white&trim=5&t=letterbox&url=ssl%3Awww.post-a-rose.com%2Fprod_cat%2Fimages%2F21_birthday_bouquet_pink_v1__________wi480he480moletterboxbgwhite.jpg&feedId=425&k=86e217c49ff1c414e4cd8e897a41943daa912552,393,Flowers,0,Post-a-Rose,DL21,Flowers,5060147261103,"21st Birthday Bouquet","A beautiful 21st birthday bouquet comprising of 21 Pink Rose and Foliage in a hand-tied bouquet. This stunning bouquet from our Deluxe range is presented in attractive decorative wrap and is a great way to celebrate a 21st Birthday!",,,https://www.post-a-rose.com/prod_cat/P_21st-birthday-bouquet_7999_birthday-flowers-and-gifts_1440.html,https://www.post-a-rose.com/prod_cat/images/21_birthday_bouquet_pink_v1__________wi480he480moletterboxbgwhite.jpg,"Next Day",GBP,42.5,0,1,main,"flowers, bouquet"
425,425,Post-a-Rose,21854267941,https://www.awin1.com/pclick.php?p=21854267941&a=444089&m=425,https://images2.productserve.com/?w=200&h=200&bg=white&trim=5&t=letterbox&url=ssl%3Awww.post-a-rose.com%2Fprod_cat%2Fimages%2F30th_birthday_bouquet__________wi480he480moletterboxbgwhite.jpg&feedId=425&k=cb537f86642521d98fcf0c7cb94f7045c30cace4,https://images2.productserve.com/?w=70&h=70&bg=white&trim=5&t=letterbox&url=ssl%3Awww.post-a-rose.com%2Fprod_cat%2Fimages%2F30th_birthday_bouquet__________wi480he480moletterboxbgwhite.jpg&feedId=425&k=cb537f86642521d98fcf0c7cb94f7045c30cace4,393,Flowers,0,Post-a-Rose,DL30,Flowers,5060147261110,"30th Birthday Bouquet","A beautiful 30th birthday bouquet comprising of 30 assorted Rose and Foliage in a hand-tied bouquet. This stunning bouquet from our Deluxe range is presented in attractive decorative wrap and is a great way to celebrate a 30th Birthday!",,,https://www.post-a-rose.com/prod_cat/P_30th-birthday-bouquet_8037_birthday-flowers-and-gifts_1440.html,https://www.post-a-rose.com/prod_cat/images/30th_birthday_bouquet__________wi480he480moletterboxbgwhite.jpg,"Next Day",GBP,55.5,0,1,main,"flowers, bouquet"
425,425,Post-a-Rose,21854267945,https://www.awin1.com/pclick.php?p=21854267945&a=444089&m=425,https://images2.productserve.com/?w=200&h=200&bg=white&trim=5&t=letterbox&url=ssl%3Awww.post-a-rose.com%2Fprod_cat%2Fimages%2F50th_Birthday_Bouquet__________wi480he480moletterboxbgwhite.jpg&feedId=425&k=e4108c002bcd2594c0a0ea91361d85150b452495,https://images2.productserve.com/?w=70&h=70&bg=white&trim=5&t=letterbox&url=ssl%3Awww.post-a-rose.com%2Fprod_cat%2Fimages%2F50th_Birthday_Bouquet__________wi480he480moletterboxbgwhite.jpg&feedId=425&k=e4108c002bcd2594c0a0ea91361d85150b452495,393,Flowers,0,Post-a-Rose,DL50,Flowers,5060147261165,"50th Birthday Bouquet","A beautiful 50th birthday bouquet comprising of 50 Golden Yellow Rose and Foliage in a hand-tied bouquet. This stunning bouquet from our Deluxe range is presented in attractive decorative wrap and is a great way to celebrate a 50th Birthday!",,,https://www.post-a-rose.com/prod_cat/P_50th-birthday-bouquet_8039_birthday-flowers-and-gifts_1440.html,https://www.post-a-rose.com/prod_cat/images/50th_Birthday_Bouquet__________wi480he480moletterboxbgwhite.jpg,"Next Day",GBP,85,0,1,main,"flowers, bouquet"
425,425,Post-a-Rose,21854267943,https://www.awin1.com/pclick.php?p=21854267943&a=444089&m=425,https://images2.productserve.com/?w=200&h=200&bg=white&trim=5&t=letterbox&url=ssl%3Awww.post-a-rose.com%2Fprod_cat%2Fimages%2F40th_Birthday_Bouquet__________wi480he480moletterboxbgwhite.jpg&feedId=425&k=8ffa0a72cc33c6430af733ba6e99a99b1a306d23,https://images2.productserve.com/?w=70&h=70&bg=white&trim=5&t=letterbox&url=ssl%3Awww.post-a-rose.com%2Fprod_cat%2Fimages%2F40th_Birthday_Bouquet__________wi480he480moletterboxbgwhite.jpg&feedId=425&k=8ffa0a72cc33c6430af733ba6e99a99b1a306d23,393,Flowers,0,Post-a-Rose,DLR40,Flowers,5060147262155,"40th Birthday Bouquet","A beautiful 40th birthday bouquet comprising of 40 Ruby Red Rose and Foliage in a hand-tied bouquet. This stunning bouquet from our Deluxe range is presented in attractive decorative wrap and is a great way to celebrate a 40th Birthday!",,,https://www.post-a-rose.com/prod_cat/P_40th-birthday-bouquet_8038_birthday-flowers-and-gifts_1440.html,https://www.post-a-rose.com/prod_cat/images/40th_Birthday_Bouquet__________wi480he480moletterboxbgwhite.jpg,"Next Day",GBP,78,0,1,main,"flowers, bouquet"
425,425,Post-a-Rose,21854267919,https://www.awin1.com/pclick.php?p=21854267919&a=444089&m=425,https://images2.productserve.com/?w=200&h=200&bg=white&trim=5&t=letterbox&url=ssl%3Awww.post-a-rose.com%2Fprod_cat%2Fimages%2FBlack_Rose_Bouquet_Deluxe__________wi480he480moletterboxbgwhite.jpg&feedId=425&k=0c25f33e8ac524cb9c064a1830f70a09bc4f5780,https://images2.productserve.com/?w=70&h=70&bg=white&trim=5&t=letterbox&url=ssl%3Awww.post-a-rose.com%2Fprod_cat%2Fimages%2FBlack_Rose_Bouquet_Deluxe__________wi480he480moletterboxbgwhite.jpg&feedId=425&k=0c25f33e8ac524cb9c064a1830f70a09bc4f5780,393,Flowers,0,Post-a-Rose,DLXBLACK,Flowers,5060147262117,"Deluxe Black Roses","A luxurious bouquet of a dozen black baccara roses hand-tied and complimented with seasonal foliage and presented in exquisite wrap.",,,https://www.post-a-rose.com/prod_cat/P_deluxe-black-roses_8055_send-roses_1449.html,https://www.post-a-rose.com/prod_cat/images/Black_Rose_Bouquet_Deluxe__________wi480he480moletterboxbgwhite.jpg,"Next Day",GBP,39.5,0,1,main,"flowers, bouquet"
425,425,Post-a-Rose,21854267899,https://www.awin1.com/pclick.php?p=21854267899&a=444089&m=425,https://images2.productserve.com/?w=200&h=200&bg=white&trim=5&t=letterbox&url=ssl%3Awww.post-a-rose.com%2Fprod_cat%2Fimages%2FPink_rose_and_lily_bouquet__________wi480he480moletterboxbgwhite.JPG&feedId=425&k=62dd36bff11ad0205e6a6d9a4c909fff09c34110,https://images2.productserve.com/?w=70&h=70&bg=white&trim=5&t=letterbox&url=ssl%3Awww.post-a-rose.com%2Fprod_cat%2Fimages%2FPink_rose_and_lily_bouquet__________wi480he480moletterboxbgwhite.JPG&feedId=425&k=62dd36bff11ad0205e6a6d9a4c909fff09c34110,393,Flowers,0,Post-a-Rose,PAR-RLP,Flowers,5060147262100,"Pink Rose & Lily Bouquet","Large headed Pink roses and elegant oriental lilies combine with fragrant foliage to create a stunning hand-tied bouquet.",,,https://www.post-a-rose.com/prod_cat/P_pink-rose--lily-bouquet_8367_lilies_1450.html,https://www.post-a-rose.com/prod_cat/images/Pink_rose_and_lily_bouquet__________wi480he480moletterboxbgwhite.JPG,"Next Day",GBP,35,0,1,main,"flowers, bouquet, roses, lily, lilies"
425,425,Post-a-Rose,21948526525,https://www.awin1.com/pclick.php?p=21948526525&a=444089&m=425,https://images2.productserve.com/?w=200&h=200&bg=white&trim=5&t=letterbox&url=ssl%3Awww.post-a-rose.com%2Fprod_cat%2Fimages%2FDeluxe%2520Gerberas__________wi480he480moletterboxbgwhite.JPG&feedId=425&k=bbb6069db2388507baa258efd5ffe051834125be,https://images2.productserve.com/?w=70&h=70&bg=white&trim=5&t=letterbox&url=ssl%3Awww.post-a-rose.com%2Fprod_cat%2Fimages%2FDeluxe%2520Gerberas__________wi480he480moletterboxbgwhite.JPG&feedId=425&k=bbb6069db2388507baa258efd5ffe051834125be,393,Flowers,0,Post-a-Rose,PD-GB30,Flowers,5060147262438,"Deluxe Gerbera Bouquet","A beautiful hand-tied bouquet of 30 stems of Gerbera daisies.",,,https://www.post-a-rose.com/prod_cat/P_deluxe-gerbera-bouquet_8403_gerbera-daisies_1455.html,https://www.post-a-rose.com/prod_cat/images/Deluxe%20Gerberas__________wi480he480moletterboxbgwhite.JPG,"Next Day",GBP,29.99,0,1,main,"flowers, bouquet, gerbera"
425,425,Post-a-Rose,21854267873,https://www.awin1.com/pclick.php?p=21854267873&a=444089&m=425,https://images2.productserve.com/?w=200&h=200&bg=white&trim=5&t=letterbox&url=ssl%3Awww.post-a-rose.com%2Fprod_cat%2Fimages%2FDeluxe_Pink_Lily_Bouquet_10__________wi480he480moletterboxbgwhite.JPG&feedId=425&k=a894ee5e84c38aef62846180bded2a273d0b8d64,https://images2.productserve.com/?w=70&h=70&bg=white&trim=5&t=letterbox&url=ssl%3Awww.post-a-rose.com%2Fprod_cat%2Fimages%2FDeluxe_Pink_Lily_Bouquet_10__________wi480he480moletterboxbgwhite.JPG&feedId=425&k=a894ee5e84c38aef62846180bded2a273d0b8d64,393,Flowers,0,Post-a-Rose,PD-LO10P,Flowers,5060147262490,"Deluxe Pink Lily Bouquet","A delightful bouquet of ten fragrant pink oriental lilies, which are presented in attractive wrap. Send it for a birthday, anniversary, get well or simply just because you care.",,,https://www.post-a-rose.com/prod_cat/P_deluxe-pink-lily-bouquet_8397_lilies_1450.html,https://www.post-a-rose.com/prod_cat/images/Deluxe_Pink_Lily_Bouquet_10__________wi480he480moletterboxbgwhite.JPG,"Next Day",GBP,35,0,1,main,"flowers, bouquet, lily, lilies"
425,425,Post-a-Rose,21854267867,https://www.awin1.com/pclick.php?p=21854267867&a=444089&m=425,https://images2.productserve.com/?w=200&h=200&bg=white&trim=5&t=letterbox&url=ssl%3Awww.post-a-rose.com%2Fprod_cat%2Fimages%2FDeluxe_White_Lily_Bouquet_10__________wi480he480moletterboxbgwhite.JPG&feedId=425&k=18754f3ea83128bb367da0d93be2b83e3ea448db,https://images2.productserve.com/?w=70&h=70&bg=white&trim=5&t=letterbox&url=ssl%3Awww.post-a-rose.com%2Fprod_cat%2Fimages%2FDeluxe_White_Lily_Bouquet_10__________wi480he480moletterboxbgwhite.JPG&feedId=425&k=18754f3ea83128bb367da0d93be2b83e3ea448db,393,Flowers,0,Post-a-Rose,PD-LO10W,Flowers,5060147262469,"Deluxe White Lily Bouquet","A beautifully wrapped bouquet of white Oriental lilies. Each of the 10 stems has between 3 and 5 blooms create a bouquet that is not only stunning to look at, but also has an exquisite fragrance.",,,https://www.post-a-rose.com/prod_cat/P_deluxe-white-lily-bouquet_8399_lilies_1450.html,https://www.post-a-rose.com/prod_cat/images/Deluxe_White_Lily_Bouquet_10__________wi480he480moletterboxbgwhite.JPG,"Next Day",GBP,35,0,1,main,"flowers, bouquet, lily, lilies"
425,425,Post-a-Rose,21948772459,https://www.awin1.com/pclick.php?p=21948772459&a=444089&m=425,https://images2.productserve.com/?w=200&h=200&bg=white&trim=5&t=letterbox&url=ssl%3Awww.post-a-rose.com%2Fprod_cat%2Fimages%2FDeluxe%2520Mosaic%2520Bqt%2520Web%2520Res%2520v1__________wi480he480moletterboxbgwhite.JPG&feedId=425&k=10b694566740be489a0b07e69a76ab15eba8620c,https://images2.productserve.com/?w=70&h=70&bg=white&trim=5&t=letterbox&url=ssl%3Awww.post-a-rose.com%2Fprod_cat%2Fimages%2FDeluxe%2520Mosaic%2520Bqt%2520Web%2520Res%2520v1__________wi480he480moletterboxbgwhite.JPG&feedId=425&k=10b694566740be489a0b07e69a76ab15eba8620c,393,Flowers,0,Post-a-Rose,PD-MBS,Flowers,5060147263473,"Deluxe Mosaic Bouquet","An abundant hand-tied bouquet of apricot, cream and green tones. Arranged with cream roses, orange gerbera, apricot lilies, scented white stocks, lisianthus and green Anastacia blooms. Finished with striking lime foliage.",,,https://www.post-a-rose.com/prod_cat/P_deluxe-mosaic-bouquet_8793_summer-flowers_1467.html,https://www.post-a-rose.com/prod_cat/images/Deluxe%20Mosaic%20Bqt%20Web%20Res%20v1__________wi480he480moletterboxbgwhite.JPG,"Next Day",GBP,32.98,0,1,main,"flowers, bouquet"
425,425,Post-a-Rose,21854267959,https://www.awin1.com/pclick.php?p=21854267959&a=444089&m=425,https://images2.productserve.com/?w=200&h=200&bg=white&trim=5&t=letterbox&url=ssl%3Awww.post-a-rose.com%2Fprod_cat%2Fimages%2FMass%2520of%2520Fifty%2520Red%2520Rose_Web_V1__________wi290he285moletterboxbgwhite.JPG&feedId=425&k=f0777e7841c01a0b8edd65a6785af1f45383d2b0,https://images2.productserve.com/?w=70&h=70&bg=white&trim=5&t=letterbox&url=ssl%3Awww.post-a-rose.com%2Fprod_cat%2Fimages%2FMass%2520of%2520Fifty%2520Red%2520Rose_Web_V1__________wi290he285moletterboxbgwhite.JPG&feedId=425&k=f0777e7841c01a0b8edd65a6785af1f45383d2b0,393,Flowers,0,Post-a-Rose,PD-MR50,Flowers,5060147263190,"Mass of 50 Red Roses","A spectacular mass of 50 large headed deluxe red roses with a foliage surround. Hand-tied and presented with a fabric wrap and bow.",,,https://www.post-a-rose.com/prod_cat/P_mass-of-fifty-red-roses_8677_valentine39s-day-flowers_631.html,https://www.post-a-rose.com/prod_cat/images/Mass%20of%20Fifty%20Red%20Rose_Web_V1__________wi290he285moletterboxbgwhite.JPG,"Next Day",GBP,145,0,1,main,"flowers, bouquet"
425,425,Post-a-Rose,21935161623,https://www.awin1.com/pclick.php?p=21935161623&a=444089&m=425,https://images2.productserve.com/?w=200&h=200&bg=white&trim=5&t=letterbox&url=ssl%3Awww.post-a-rose.com%2Fprod_cat%2Fimages%2FDeluxe_Peony_Bouquet_Web_v1__________wi480he480moletterboxbgwhite.JPG&feedId=425&k=e4327f7ab05d05df49d60454c8886c89137fbc7f,https://images2.productserve.com/?w=70&h=70&bg=white&trim=5&t=letterbox&url=ssl%3Awww.post-a-rose.com%2Fprod_cat%2Fimages%2FDeluxe_Peony_Bouquet_Web_v1__________wi480he480moletterboxbgwhite.JPG&feedId=425&k=e4327f7ab05d05df49d60454c8886c89137fbc7f,393,Flowers,0,Post-a-Rose,PD-PE12,Flowers,5060147262285,"Deluxe Peony Bouquet","12 pretty pink peonies are simply mixed with delicate greenbell to make a beautiful bouquet. This stunning peony bouquet inspires wonderful images of traditional country gardens. Peonies are delivered in bud to ensure the recipient gets the most vase life from them.",,,https://www.post-a-rose.com/prod_cat/P_deluxe-peony-bouquet_8388_peonies_1486.html,https://www.post-a-rose.com/prod_cat/images/Deluxe_Peony_Bouquet_Web_v1__________wi480he480moletterboxbgwhite.JPG,"Next Day",GBP,31.99,0,1,main,"flowers, bouquet"
425,425,Post-a-Rose,21948772465,https://www.awin1.com/pclick.php?p=21948772465&a=444089&m=425,https://images2.productserve.com/?w=200&h=200&bg=white&trim=5&t=letterbox&url=ssl%3Awww.post-a-rose.com%2Fprod_cat%2Fimages%2FPerfect%2520Summer%2520PD-PFS%2520Webv1__________wi480he480moletterboxbgwhite.JPG&feedId=425&k=d524815665f1c2435f8e6d749f2758b7a095a785,https://images2.productserve.com/?w=70&h=70&bg=white&trim=5&t=letterbox&url=ssl%3Awww.post-a-rose.com%2Fprod_cat%2Fimages%2FPerfect%2520Summer%2520PD-PFS%2520Webv1__________wi480he480moletterboxbgwhite.JPG&feedId=425&k=d524815665f1c2435f8e6d749f2758b7a095a785,393,Flowers,0,Post-a-Rose,PD-PFS,Flowers,5060147263749,"Perfect Summer","Perfect Summer is feminine and full of cool summer colors - this sophisticated combination of multi-hued pink roses and hydrangeas are contrasted with lilac stocks and purple calla lilies. It's the perfect gift for someone who deserves something extra special.",,,https://www.post-a-rose.com/prod_cat/P_perfect-summer_8840_summer-flowers_1467.html,https://www.post-a-rose.com/prod_cat/images/Perfect%20Summer%20PD-PFS%20Webv1__________wi480he480moletterboxbgwhite.JPG,"Next Day",GBP,45,0,1,main,"flowers, bouquet"
425,425,Post-a-Rose,21854267905,https://www.awin1.com/pclick.php?p=21854267905&a=444089&m=425,https://images2.productserve.com/?w=200&h=200&bg=white&trim=5&t=letterbox&url=ssl%3Awww.post-a-rose.com%2Fprod_cat%2Fimages%2Fpink_sapphire_bouquet__________wi480he480moletterboxbgwhite.JPG&feedId=425&k=8e6607f2909baec544ffd3469c359e46fbbe63bd,https://images2.productserve.com/?w=70&h=70&bg=white&trim=5&t=letterbox&url=ssl%3Awww.post-a-rose.com%2Fprod_cat%2Fimages%2Fpink_sapphire_bouquet__________wi480he480moletterboxbgwhite.JPG&feedId=425&k=8e6607f2909baec544ffd3469c359e46fbbe63bd,393,Flowers,0,Post-a-Rose,PD-PSS,Flowers,5060147262094,"Pink Sapphire Hand-Tied Bouquet","An elegant hand-tied bouquet in delicate shades of pink comprised of large headed roses and a selection of seasonal blooms. All finished with luxurious foliage and exquisite wrap.",,,https://www.post-a-rose.com/prod_cat/P_pink-sapphire-bouquet_8366_deluxe-bouquets_172.html,https://www.post-a-rose.com/prod_cat/images/pink_sapphire_bouquet__________wi480he480moletterboxbgwhite.JPG,"Next Day",GBP,30,0,1,main,"flowers, bouquet"
425,425,Post-a-Rose,21854267911,https://www.awin1.com/pclick.php?p=21854267911&a=444089&m=425,https://images2.productserve.com/?w=200&h=200&bg=white&trim=5&t=letterbox&url=ssl%3Awww.post-a-rose.com%2Fprod_cat%2Fimages%2Fquartet_bouquet__________wi480he480moletterboxbgwhite.JPG&feedId=425&k=bdffc3eaf992e3e5a8490200fc99a88ee2704331,https://images2.productserve.com/?w=70&h=70&bg=white&trim=5&t=letterbox&url=ssl%3Awww.post-a-rose.com%2Fprod_cat%2Fimages%2Fquartet_bouquet__________wi480he480moletterboxbgwhite.JPG&feedId=425&k=bdffc3eaf992e3e5a8490200fc99a88ee2704331,393,Flowers,0,Post-a-Rose,PD-QB,Flowers,5060147262599,"Deluxe Quartet Bouquet","The Quartet Bouquet, appropriately named, comprises of a quartet of stylish and striking flowers in shades of pink, cream and lime green. This is a bouquet that will make an impression.",,,https://www.post-a-rose.com/prod_cat/P_deluxe-quartet-bouquet_8459_deluxe-bouquets_172.html,https://www.post-a-rose.com/prod_cat/images/quartet_bouquet__________wi480he480moletterboxbgwhite.JPG,"Next Day",GBP,45,0,1,main,"flowers, bouquet"
425,425,Post-a-Rose,21854267887,https://www.awin1.com/pclick.php?p=21854267887&a=444089&m=425,https://images2.productserve.com/?w=200&h=200&bg=white&trim=5&t=letterbox&url=ssl%3Awww.post-a-rose.com%2Fprod_cat%2Fimages%2Fassorted_rose_bouquet__________wi480he480moletterboxbgwhite.jpg&feedId=425&k=6cea331199fafa519987397f48d71fa5b52f833e,https://images2.productserve.com/?w=70&h=70&bg=white&trim=5&t=letterbox&url=ssl%3Awww.post-a-rose.com%2Fprod_cat%2Fimages%2Fassorted_rose_bouquet__________wi480he480moletterboxbgwhite.jpg&feedId=425&k=6cea331199fafa519987397f48d71fa5b52f833e,393,Flowers,0,Post-a-Rose,PD-R12MX,Flowers,5060147260182,"Dozen Deluxe Assorted Roses","Nothing is more magnificent than long-stemmed, elegant roses and these are simply the best of the best. A brilliant and colourful bouquet of all our Deluxe roses blend to present a radiant multi-coloured assortment.",,,https://www.post-a-rose.com/prod_cat/P_deluxe-assorted-roses_3242_send-roses_1449.html,https://www.post-a-rose.com/prod_cat/images/assorted_rose_bouquet__________wi480he480moletterboxbgwhite.jpg,"Next Day",GBP,34.99,0,1,main,"flowers, bouquet, roses"
425,425,Post-a-Rose,21854267879,https://www.awin1.com/pclick.php?p=21854267879&a=444089&m=425,https://images2.productserve.com/?w=200&h=200&bg=white&trim=5&t=letterbox&url=ssl%3Awww.post-a-rose.com%2Fprod_cat%2Fimages%2FDeluxe_Rose_Pink__________wi480he480moletterboxbgwhite.JPG&feedId=425&k=3cae8160880f04bec4ffd4fb67db8f56b34b4fd4,https://images2.productserve.com/?w=70&h=70&bg=white&trim=5&t=letterbox&url=ssl%3Awww.post-a-rose.com%2Fprod_cat%2Fimages%2FDeluxe_Rose_Pink__________wi480he480moletterboxbgwhite.JPG&feedId=425&k=3cae8160880f04bec4ffd4fb67db8f56b34b4fd4,393,Flowers,0,Post-a-Rose,PD-R12P,Flowers,5060147262063,"Dozen Deluxe Pink Roses","12 exquisite Deluxe Pink roses, will take the recipient's breath away. Accented with the finest seasonal foliage and exquisite wrap.",,,https://www.post-a-rose.com/prod_cat/P_deluxe-pink-roses_3248_send-roses_1449.html,https://www.post-a-rose.com/prod_cat/images/Deluxe_Rose_Pink__________wi480he480moletterboxbgwhite.JPG,"Next Day",GBP,34.99,0,1,main,"flowers, bouquet, roses"
425,425,Post-a-Rose,21854267883,https://www.awin1.com/pclick.php?p=21854267883&a=444089&m=425,https://images2.productserve.com/?w=200&h=200&bg=white&trim=5&t=letterbox&url=ssl%3Awww.post-a-rose.com%2Fprod_cat%2Fimages%2FDozen_Red_Rose_Handtied__________wi480he480moletterboxbgwhite.jpg&feedId=425&k=3beb08d1d05fbae1f2608ca1ea3f50c434b0a708,https://images2.productserve.com/?w=70&h=70&bg=white&trim=5&t=letterbox&url=ssl%3Awww.post-a-rose.com%2Fprod_cat%2Fimages%2FDozen_Red_Rose_Handtied__________wi480he480moletterboxbgwhite.jpg&feedId=425&k=3beb08d1d05fbae1f2608ca1ea3f50c434b0a708,393,Flowers,0,Post-a-Rose,PD-R12R,Flowers,5060147261202,"Dozen Deluxe Red Roses","One Dozen Sensational, fresh-cut, long-stemmed Red Roses.",,,https://www.post-a-rose.com/prod_cat/P_deluxe-red-roses_886_send-roses_1449.html,https://www.post-a-rose.com/prod_cat/images/Dozen_Red_Rose_Handtied__________wi480he480moletterboxbgwhite.jpg,"Next Day",GBP,34.99,0,1,main,"flowers, bouquet, roses"
425,425,Post-a-Rose,21854267881,https://www.awin1.com/pclick.php?p=21854267881&a=444089&m=425,https://images2.productserve.com/?w=200&h=200&bg=white&trim=5&t=letterbox&url=ssl%3Awww.post-a-rose.com%2Fprod_cat%2Fimages%2FDeluxe_White_Roses_web_v1__________wi480he480moletterboxbgwhite.JPG&feedId=425&k=a702323225146cb1b3940aac9d066b785496dcb5,https://images2.productserve.com/?w=70&h=70&bg=white&trim=5&t=letterbox&url=ssl%3Awww.post-a-rose.com%2Fprod_cat%2Fimages%2FDeluxe_White_Roses_web_v1__________wi480he480moletterboxbgwhite.JPG&feedId=425&k=a702323225146cb1b3940aac9d066b785496dcb5,393,Flowers,0,Post-a-Rose,PD-R12W,Flowers,5060147262070,"Dozen Deluxe White Roses","A Dozen Deluxe White Rose Bouquet. Not only are these white roses simply stunning, but they are also the freshest white roses that your loved one will ever have received. Tied by hand with sprigs of eucalyptus and fern, at our incredibly low Post-a-Rose price.",,,https://www.post-a-rose.com/prod_cat/P_deluxe-white-roses_7735_send-roses_1449.html,https://www.post-a-rose.com/prod_cat/images/Deluxe_White_Roses_web_v1__________wi480he480moletterboxbgwhite.JPG,"Next Day",GBP,34.99,0,1,main,"flowers, bouquet, roses"
425,425,Post-a-Rose,21854267885,https://www.awin1.com/pclick.php?p=21854267885&a=444089&m=425,https://images2.productserve.com/?w=200&h=200&bg=white&trim=5&t=letterbox&url=ssl%3Awww.post-a-rose.com%2Fprod_cat%2Fimages%2FDeluxe_Rose_Yellow__________wi480he480moletterboxbgwhite.JPG&feedId=425&k=200af4f081c0273125efb023d59c44d8fb512a26,https://images2.productserve.com/?w=70&h=70&bg=white&trim=5&t=letterbox&url=ssl%3Awww.post-a-rose.com%2Fprod_cat%2Fimages%2FDeluxe_Rose_Yellow__________wi480he480moletterboxbgwhite.JPG&feedId=425&k=200af4f081c0273125efb023d59c44d8fb512a26,393,Flowers,0,Post-a-Rose,PD-R12Y,Flowers,5060147262087,"Dozen Deluxe Yellow Roses","This bouquet of a dozen Golden Yellow Roses is sure to brighten someone's day. Hand-tied by our florists with seasonal lush foliage and delivered by guaranteed courier.",,,https://www.post-a-rose.com/prod_cat/P_deluxe-yellow-roses_878_send-roses_1449.html,https://www.post-a-rose.com/prod_cat/images/Deluxe_Rose_Yellow__________wi480he480moletterboxbgwhite.JPG,"Next Day",GBP,34.99,0,1,main,"flowers, bouquet, roses"
425,425,Post-a-Rose,21854267895,https://www.awin1.com/pclick.php?p=21854267895&a=444089&m=425,https://images2.productserve.com/?w=200&h=200&bg=white&trim=5&t=letterbox&url=ssl%3Awww.post-a-rose.com%2Fprod_cat%2Fimages%2Fassorted_rose_bouquet__________wi480he480moletterboxbgwhite.jpg&feedId=425&k=6cea331199fafa519987397f48d71fa5b52f833e,https://images2.productserve.com/?w=70&h=70&bg=white&trim=5&t=letterbox&url=ssl%3Awww.post-a-rose.com%2Fprod_cat%2Fimages%2Fassorted_rose_bouquet__________wi480he480moletterboxbgwhite.jpg&feedId=425&k=6cea331199fafa519987397f48d71fa5b52f833e,393,Flowers,0,Post-a-Rose,PD-R24MX,Flowers,5060147260199,"Two Dozen Deluxe Assorted Roses","Nothing is more magnificent than long-stemmed, elegant roses and these are simply the best of the best. A brilliant and colourful bouquet of 24 Deluxe roses blend to present a radiant multi-coloured assortment.",,,https://www.post-a-rose.com/prod_cat/P_deluxe-assorted-roses--upgrade_3243_send-roses_1449.html,https://www.post-a-rose.com/prod_cat/images/assorted_rose_bouquet__________wi480he480moletterboxbgwhite.jpg,"Next Day",GBP,44.99,0,1,main,"flowers, bouquet, roses"
425,425,Post-a-Rose,21854267889,https://www.awin1.com/pclick.php?p=21854267889&a=444089&m=425,https://images2.productserve.com/?w=200&h=200&bg=white&trim=5&t=letterbox&url=ssl%3Awww.post-a-rose.com%2Fprod_cat%2Fimages%2FDeluxe_Rose_Pink__________wi480he480moletterboxbgwhite.JPG&feedId=425&k=3cae8160880f04bec4ffd4fb67db8f56b34b4fd4,https://images2.productserve.com/?w=70&h=70&bg=white&trim=5&t=letterbox&url=ssl%3Awww.post-a-rose.com%2Fprod_cat%2Fimages%2FDeluxe_Rose_Pink__________wi480he480moletterboxbgwhite.JPG&feedId=425&k=3cae8160880f04bec4ffd4fb67db8f56b34b4fd4,393,Flowers,0,Post-a-Rose,PD-R24P,Flowers,5060147262254,"Two Dozen Deluxe Pink Roses","24 exquisite Deluxe Pink roses, will take the recipient's breath away. Accented with the finest seasonal foliage and exquisite wrap.",,,https://www.post-a-rose.com/prod_cat/P_deluxe-pink-roses--upgrade_3249_send-roses_1449.html,https://www.post-a-rose.com/prod_cat/images/Deluxe_Rose_Pink__________wi480he480moletterboxbgwhite.JPG,"Next Day",GBP,44.99,0,1,main,"flowers, bouquet, roses"
425,425,Post-a-Rose,21854267891,https://www.awin1.com/pclick.php?p=21854267891&a=444089&m=425,https://images2.productserve.com/?w=200&h=200&bg=white&trim=5&t=letterbox&url=ssl%3Awww.post-a-rose.com%2Fprod_cat%2Fimages%2FDozen_Red_Rose_Handtied__________wi480he480moletterboxbgwhite.jpg&feedId=425&k=3beb08d1d05fbae1f2608ca1ea3f50c434b0a708,https://images2.productserve.com/?w=70&h=70&bg=white&trim=5&t=letterbox&url=ssl%3Awww.post-a-rose.com%2Fprod_cat%2Fimages%2FDozen_Red_Rose_Handtied__________wi480he480moletterboxbgwhite.jpg&feedId=425&k=3beb08d1d05fbae1f2608ca1ea3f50c434b0a708,393,Flowers,0,Post-a-Rose,PD-R24R,Flowers,5060147261950,"Two Dozen Deluxe Red Roses","Two Dozen Sensational, fresh-cut, long-stemmed Red Roses.",,,https://www.post-a-rose.com/prod_cat/P_deluxe-red-roses--upgrade_3199_send-roses_1449.html,https://www.post-a-rose.com/prod_cat/images/Dozen_Red_Rose_Handtied__________wi480he480moletterboxbgwhite.jpg,"Next Day",GBP,44.99,0,1,main,"flowers, bouquet, roses"
425,425,Post-a-Rose,21854267893,https://www.awin1.com/pclick.php?p=21854267893&a=444089&m=425,https://images2.productserve.com/?w=200&h=200&bg=white&trim=5&t=letterbox&url=ssl%3Awww.post-a-rose.com%2Fprod_cat%2Fimages%2FDeluxe_Rose_Yellow__________wi480he480moletterboxbgwhite.JPG&feedId=425&k=200af4f081c0273125efb023d59c44d8fb512a26,https://images2.productserve.com/?w=70&h=70&bg=white&trim=5&t=letterbox&url=ssl%3Awww.post-a-rose.com%2Fprod_cat%2Fimages%2FDeluxe_Rose_Yellow__________wi480he480moletterboxbgwhite.JPG&feedId=425&k=200af4f081c0273125efb023d59c44d8fb512a26,393,Flowers,0,Post-a-Rose,PD-R24Y,Flowers,5060147262247,"Two Dozen Deluxe Yellow Roses","This bouquet of two dozen Golden Yellow Roses is sure to brighten someone's day. Hand-tied by our florists with seasonal lush foliage and delivered by guaranteed courier.",,,https://www.post-a-rose.com/prod_cat/P_deluxe-yellow-roses--upgrade_879_send-roses_1449.html,https://www.post-a-rose.com/prod_cat/images/Deluxe_Rose_Yellow__________wi480he480moletterboxbgwhite.JPG,"Next Day",GBP,44.99,0,1,main,"flowers, bouquet, roses"
425,425,Post-a-Rose,21854267907,https://www.awin1.com/pclick.php?p=21854267907&a=444089&m=425,https://images2.productserve.com/?w=200&h=200&bg=white&trim=5&t=letterbox&url=ssl%3Awww.post-a-rose.com%2Fprod_cat%2Fimages%2FSplendor_Bouquet__________wi480he480moletterboxbgwhite.JPG&feedId=425&k=157eb3dec36b71eb3a12d97b893071daaafb445c,https://images2.productserve.com/?w=70&h=70&bg=white&trim=5&t=letterbox&url=ssl%3Awww.post-a-rose.com%2Fprod_cat%2Fimages%2FSplendor_Bouquet__________wi480he480moletterboxbgwhite.JPG&feedId=425&k=157eb3dec36b71eb3a12d97b893071daaafb445c,393,Flowers,0,Post-a-Rose,PD-SBS,Flowers,5060147262582,"Splendor Bouquet","A gorgeous bouquet of sunflowers and complimenting seasonal blooms that include roses, lilies, gerbera daisies in cheerful autumn colours. Accented by fresh foliage this arrangement will provide a ray of sunshine for the lucky recipient.",,,https://www.post-a-rose.com/prod_cat/P_splendor-bouquet_8456_deluxe-bouquets_172.html,https://www.post-a-rose.com/prod_cat/images/Splendor_Bouquet__________wi480he480moletterboxbgwhite.JPG,"Next Day",GBP,30,0,1,main,"flowers, bouquet"
425,425,Post-a-Rose,21854267909,https://www.awin1.com/pclick.php?p=21854267909&a=444089&m=425,https://images2.productserve.com/?w=200&h=200&bg=white&trim=5&t=letterbox&url=ssl%3Awww.post-a-rose.com%2Fprod_cat%2Fimages%2FSerenity_Bouquet__________wi480he480moletterboxbgwhite.JPG&feedId=425&k=743352bbe7bf3868392d4f77864158a3ec72029d,https://images2.productserve.com/?w=70&h=70&bg=white&trim=5&t=letterbox&url=ssl%3Awww.post-a-rose.com%2Fprod_cat%2Fimages%2FSerenity_Bouquet__________wi480he480moletterboxbgwhite.JPG&feedId=425&k=743352bbe7bf3868392d4f77864158a3ec72029d,393,Flowers,0,Post-a-Rose,PD-STS,Flowers,5060147262605,"Deluxe Serenity Bouquet","A sophisticated bouquet that is hand-tied in shades of cream. With large headed roses, oriental lilies, lisianthis and santini chrysanthemums, this is a lavish and wonderful gift to receive, no matter what the occasion. Finished with seasonal foliage to create a simply stunning bouquet to send to someone special.",,,https://www.post-a-rose.com/prod_cat/P_deluxe-serenity-bouquet_8460_deluxe-bouquets_172.html,https://www.post-a-rose.com/prod_cat/images/Serenity_Bouquet__________wi480he480moletterboxbgwhite.JPG,"Next Day",GBP,40,0,1,main,"flowers, bouquet"
425,425,Post-a-Rose,21948526557,https://www.awin1.com/pclick.php?p=21948526557&a=444089&m=425,https://images2.productserve.com/?w=200&h=200&bg=white&trim=5&t=letterbox&url=ssl%3Awww.post-a-rose.com%2Fprod_cat%2Fimages%2FDeluxe%2520Sunflowers%2520PD-SU12%2520Webv1__________wi480he480moletterboxbgwhite.JPG&feedId=425&k=7fd0d6607ccbf90f4234354b9f3183e1e0322ab6,https://images2.productserve.com/?w=70&h=70&bg=white&trim=5&t=letterbox&url=ssl%3Awww.post-a-rose.com%2Fprod_cat%2Fimages%2FDeluxe%2520Sunflowers%2520PD-SU12%2520Webv1__________wi480he480moletterboxbgwhite.JPG&feedId=425&k=7fd0d6607ccbf90f4234354b9f3183e1e0322ab6,393,Flowers,0,Post-a-Rose,PD-SU12,Flowers,5060147262322,"Deluxe Sunflowers","Deluxe Sunflower bouquet hand-tied with 12 sunflowers and complimenting solidago, as well as seasonal foliage. It is finished with decorate wrap and fabic ribbon.",,,https://www.post-a-rose.com/prod_cat/P_deluxe-sunflower-bouquet_8402_sunflowers_1457.html,https://www.post-a-rose.com/prod_cat/images/Deluxe%20Sunflowers%20PD-SU12%20Webv1__________wi480he480moletterboxbgwhite.JPG,"Next Day",GBP,30,0,1,main,"flowers, bouquet"
425,425,Post-a-Rose,21948772457,https://www.awin1.com/pclick.php?p=21948772457&a=444089&m=425,https://images2.productserve.com/?w=200&h=200&bg=white&trim=5&t=letterbox&url=ssl%3Awww.post-a-rose.com%2Fprod_cat%2Fimages%2FSunshine%2520Bouquet%2520web%25201__________wi480he480moletterboxbgwhite.JPG&feedId=425&k=beb4f6a553f90597e646b29286901dcc08c16bf0,https://images2.productserve.com/?w=70&h=70&bg=white&trim=5&t=letterbox&url=ssl%3Awww.post-a-rose.com%2Fprod_cat%2Fimages%2FSunshine%2520Bouquet%2520web%25201__________wi480he480moletterboxbgwhite.JPG&feedId=425&k=beb4f6a553f90597e646b29286901dcc08c16bf0,393,Flowers,0,Post-a-Rose,PD-SUS,Flowers,5060147263466,"Sunshine Bouquet","Send a sunny splash of color and brighten their day with this dazzling bouquet of orange roses, purple and white lisianthus, yellow anatastia blooms and orange gerbera. Fragrant lilac stocks and greenbell foliage complete this Deluxe hand-tied arrangement that is guaranteed to brighten things up indoors no matter the weather outside.",,,https://www.post-a-rose.com/prod_cat/P_sunshine-bouquet_8794_summer-flowers_1467.html,https://www.post-a-rose.com/prod_cat/images/Sunshine%20Bouquet%20web%201__________wi480he480moletterboxbgwhite.JPG,"Next Day",GBP,29.99,0,1,main,"flowers, bouquet"
425,425,Post-a-Rose,21854267903,https://www.awin1.com/pclick.php?p=21854267903&a=444089&m=425,https://images2.productserve.com/?w=200&h=200&bg=white&trim=5&t=letterbox&url=ssl%3Awww.post-a-rose.com%2Fprod_cat%2Fimages%2Fvibrant_bouquet__________wi480he480moletterboxbgwhite.JPG&feedId=425&k=13d5131b569461d8f56e8996357670b2b1935426,https://images2.productserve.com/?w=70&h=70&bg=white&trim=5&t=letterbox&url=ssl%3Awww.post-a-rose.com%2Fprod_cat%2Fimages%2Fvibrant_bouquet__________wi480he480moletterboxbgwhite.JPG&feedId=425&k=13d5131b569461d8f56e8996357670b2b1935426,393,Flowers,0,Post-a-Rose,PD-VBS,Flowers,5060147262056,"Vibrant Hand-Tied Bouquet","A bright and cheerful hand-tied bouquet, combines the very freshest and best flowers of the season. This Vibrant bouquet is perfect for any occasion.",,,https://www.post-a-rose.com/prod_cat/P_vibrant-handtied-bouquet_8364_deluxe-bouquets_172.html,https://www.post-a-rose.com/prod_cat/images/vibrant_bouquet__________wi480he480moletterboxbgwhite.JPG,"Next Day",GBP,30,0,1,main,"flowers, bouquet"
425,425,Post-a-Rose,21854267949,https://www.awin1.com/pclick.php?p=21854267949&a=444089&m=425,https://images2.productserve.com/?w=200&h=200&bg=white&trim=5&t=letterbox&url=ssl%3Awww.post-a-rose.com%2Fprod_cat%2Fimages%2FPhalaenopsis_Orchid_web_v1__________wi480he480moletterboxbgwhite.jpg&feedId=425&k=e6628a93a7a81c254109885d0bdc8e741f3a79ba,https://images2.productserve.com/?w=70&h=70&bg=white&trim=5&t=letterbox&url=ssl%3Awww.post-a-rose.com%2Fprod_cat%2Fimages%2FPhalaenopsis_Orchid_web_v1__________wi480he480moletterboxbgwhite.jpg&feedId=425&k=e6628a93a7a81c254109885d0bdc8e741f3a79ba,393,Flowers,0,Post-a-Rose,PP-ORCH,Flowers,5060147262858,"Phalaenopsis Orchid","A Phalaenopsis Orchid presented stylish zinc pot. This double-stemmed Phalaenopsis Orchid is a great gift for expressing sentiments of joy. Easy to maintain indoors, this phalaenopsis can bloom 2 or 3 times on the same stem. Colour may vary according to supply.",,,https://www.post-a-rose.com/prod_cat/P_phalaenopsis-orchid_7709_orchid_1456.html,https://www.post-a-rose.com/prod_cat/images/Phalaenopsis_Orchid_web_v1__________wi480he480moletterboxbgwhite.jpg,"Next Day",GBP,24.5,0,1,main,"flowers, bouquet"
425,425,Post-a-Rose,21948526535,https://www.awin1.com/pclick.php?p=21948526535&a=444089&m=425,https://images2.productserve.com/?w=200&h=200&bg=white&trim=5&t=letterbox&url=ssl%3Awww.post-a-rose.com%2Fprod_cat%2Fimages%2FPeace_Lily_web__________wi480he480moletterboxbgwhite.jpg&feedId=425&k=3ff40af168da98735b285d2d30c98e3c4525a4a1,https://images2.productserve.com/?w=70&h=70&bg=white&trim=5&t=letterbox&url=ssl%3Awww.post-a-rose.com%2Fprod_cat%2Fimages%2FPeace_Lily_web__________wi480he480moletterboxbgwhite.jpg&feedId=425&k=3ff40af168da98735b285d2d30c98e3c4525a4a1,393,Flowers,0,Post-a-Rose,PP-PL,Flowers,5060147260953,"Peace Lily","A magnificent Peace Lily with pure white flowers and lush green foliage. Presented in a cream ceramic pot - it makes an ideal gift.",,,https://www.post-a-rose.com/prod_cat/P_peace-lily_7987_plants_1451.html,https://www.post-a-rose.com/prod_cat/images/Peace_Lily_web__________wi480he480moletterboxbgwhite.jpg,"Next Day",GBP,19.5,0,1,main,"flowers, bouquet"
425,425,Post-a-Rose,21854267913,https://www.awin1.com/pclick.php?p=21854267913&a=444089&m=425,https://images2.productserve.com/?w=200&h=200&bg=white&trim=5&t=letterbox&url=ssl%3Awww.post-a-rose.com%2Fprod_cat%2Fimages%2Favalanche_rose_bouquet__________wi480he480moletterboxbgwhite.jpg&feedId=425&k=fe6eb3676d119bf69e05e3fd606ba8608c0f0263,https://images2.productserve.com/?w=70&h=70&bg=white&trim=5&t=letterbox&url=ssl%3Awww.post-a-rose.com%2Fprod_cat%2Fimages%2Favalanche_rose_bouquet__________wi480he480moletterboxbgwhite.jpg&feedId=425&k=fe6eb3676d119bf69e05e3fd606ba8608c0f0263,393,Flowers,0,Post-a-Rose,PRAVA,Flowers,5060147262230,"Prestige Avalanche","This simply breath-taking arrangement consists a stunning mass of large headed white Avalanche roses that are accented by elegant cream spray chrysants and then surrounded by exuberant asparagus plumose, aspidistra, and robellini palms. The hand-tied bouquet is then exquisitely presented in a stylish woven wrap.",,,https://www.post-a-rose.com/prod_cat/P_prestige-avalanche-perfection_7910_send-roses_1449.html,https://www.post-a-rose.com/prod_cat/images/avalanche_rose_bouquet__________wi480he480moletterboxbgwhite.jpg,"Next Day",GBP,78,0,1,main,"flowers, bouquet"
425,425,Post-a-Rose,21854267921,https://www.awin1.com/pclick.php?p=21854267921&a=444089&m=425,https://images2.productserve.com/?w=200&h=200&bg=white&trim=5&t=letterbox&url=ssl%3Awww.post-a-rose.com%2Fprod_cat%2Fimages%2F3-month---Classic__________wi480he480moletterboxbgwhite.jpg&feedId=425&k=9d7d8848aac7991a1fd6d69be1f861d24acf4fff,https://images2.productserve.com/?w=70&h=70&bg=white&trim=5&t=letterbox&url=ssl%3Awww.post-a-rose.com%2Fprod_cat%2Fimages%2F3-month---Classic__________wi480he480moletterboxbgwhite.jpg&feedId=425&k=9d7d8848aac7991a1fd6d69be1f861d24acf4fff,393,Flowers,0,Post-a-Rose,PS-3MTH,Flowers,5060147260564,"3 Months of Classic Flowers","With just one simple and easy order, you can send one of our classic bouquets each month for the next 3 months. This long lasting gift has a saving of over 30% on our normal prices. When a loved one deserves more than the best, this is the gift for you!",,,https://www.post-a-rose.com/prod_cat/P_classic-flowers-monthly-flower-gift_8692_send-roses-and-flowers_171.html,https://www.post-a-rose.com/prod_cat/images/3-month---Classic__________wi480he480moletterboxbgwhite.jpg,"Next Day",GBP,50,0,1,main,"flowers, bouquet"
425,425,Post-a-Rose,21854267923,https://www.awin1.com/pclick.php?p=21854267923&a=444089&m=425,https://images2.productserve.com/?w=200&h=200&bg=white&trim=5&t=letterbox&url=ssl%3Awww.post-a-rose.com%2Fprod_cat%2Fimages%2F6-month---Classic__________wi480he480moletterboxbgwhite.jpg&feedId=425&k=e942bcbd65fd5dad87edec2eba0e8301136e7a53,https://images2.productserve.com/?w=70&h=70&bg=white&trim=5&t=letterbox&url=ssl%3Awww.post-a-rose.com%2Fprod_cat%2Fimages%2F6-month---Classic__________wi480he480moletterboxbgwhite.jpg&feedId=425&k=e942bcbd65fd5dad87edec2eba0e8301136e7a53,393,Flowers,0,Post-a-Rose,PS-6MTH,Flowers,5060147260571,"6 Months of Classic Flowers","With just one simple and easy order, you can send one of our classic bouquets each month for the next 6 months. This long lasting gift has a saving of over 30% on our normal prices. When a loved one deserves more than the best, this is the gift for you!",,,https://www.post-a-rose.com/prod_cat/P_classic-flowers--6-monthly-gifts_8693_send-roses-and-flowers_171.html,https://www.post-a-rose.com/prod_cat/images/6-month---Classic__________wi480he480moletterboxbgwhite.jpg,"Next Day",GBP,95,0,1,main,"flowers, bouquet"
425,425,Post-a-Rose,21948526537,https://www.awin1.com/pclick.php?p=21948526537&a=444089&m=425,https://images2.productserve.com/?w=200&h=200&bg=white&trim=5&t=letterbox&url=ssl%3Awww.post-a-rose.com%2Fprod_cat%2Fimages%2FClassic_Carnations_12__________wi480he480moletterboxbgwhite.JPG&feedId=425&k=833348681949b9f1ae0d55e5ef4868627b431caf,https://images2.productserve.com/?w=70&h=70&bg=white&trim=5&t=letterbox&url=ssl%3Awww.post-a-rose.com%2Fprod_cat%2Fimages%2FClassic_Carnations_12__________wi480he480moletterboxbgwhite.JPG&feedId=425&k=833348681949b9f1ae0d55e5ef4868627b431caf,393,Flowers,0,Post-a-Rose,PS-CA12CL,Flowers,5060147263374,"Classic Carnations - 12 stems","This long-lasting and excellent value bouquet includes 12 stems of assorted discovery and fancy carnation blooms with complimenting gypsophila. The carnations are an assortment of cerise, lemon, pink and white colours.",,,https://www.post-a-rose.com/prod_cat/P_classic-carnations_8750_carnations_1551.html,https://www.post-a-rose.com/prod_cat/images/Classic_Carnations_12__________wi480he480moletterboxbgwhite.JPG,"Next Day",GBP,14.99,0,1,main,"flowers, bouquet"
425,425,Post-a-Rose,21948526543,https://www.awin1.com/pclick.php?p=21948526543&a=444089&m=425,https://images2.productserve.com/?w=200&h=200&bg=white&trim=5&t=letterbox&url=ssl%3Awww.post-a-rose.com%2Fprod_cat%2Fimages%2FCarnations_Pink_12_web__________wi480he480moletterboxbgwhite.JPG&feedId=425&k=13ed9dfabf4e4946c406aec9650e23181937a617,https://images2.productserve.com/?w=70&h=70&bg=white&trim=5&t=letterbox&url=ssl%3Awww.post-a-rose.com%2Fprod_cat%2Fimages%2FCarnations_Pink_12_web__________wi480he480moletterboxbgwhite.JPG&feedId=425&k=13ed9dfabf4e4946c406aec9650e23181937a617,393,Flowers,0,Post-a-Rose,PS-CA12PI,Flowers,5060147262803,"Pink Carnations - 12 stems","A beautiful selection of 12 long-lasting Carnations in pink colours. Our Carnations are guaranteed for 14 days and we send our Carnations in bud to ensure your receive maximum vase life.",,,https://www.post-a-rose.com/prod_cat/P_pink-carnations_8521_carnations_1551.html,https://www.post-a-rose.com/prod_cat/images/Carnations_Pink_12_web__________wi480he480moletterboxbgwhite.JPG,"Next Day",GBP,14.99,0,1,main,"flowers, bouquet"
425,425,Post-a-Rose,21948526549,https://www.awin1.com/pclick.php?p=21948526549&a=444089&m=425,https://images2.productserve.com/?w=200&h=200&bg=white&trim=5&t=letterbox&url=ssl%3Awww.post-a-rose.com%2Fprod_cat%2Fimages%2FPS-CA16YEv1__________wi480he480moletterboxbgwhite.JPG&feedId=425&k=b683b3616494ba09d9eed5ac5438ef68534154b4,https://images2.productserve.com/?w=70&h=70&bg=white&trim=5&t=letterbox&url=ssl%3Awww.post-a-rose.com%2Fprod_cat%2Fimages%2FPS-CA16YEv1__________wi480he480moletterboxbgwhite.JPG&feedId=425&k=b683b3616494ba09d9eed5ac5438ef68534154b4,393,Flowers,0,Post-a-Rose,PS-CA12YE,Flowers,5060147262872,"Yellow Carnations - 12 stems","A beautiful selection of 12 long-lasting Carnations in yellow colours. Our Carnations are guaranteed for 14 days and we send our Carnations in bud to ensure your receive maximum vase life.",,,https://www.post-a-rose.com/prod_cat/P_yellow-carnations_8552_carnations_1551.html,https://www.post-a-rose.com/prod_cat/images/PS-CA16YEv1__________wi480he480moletterboxbgwhite.JPG,"Next Day",GBP,14.99,0,1,main,"flowers, bouquet"
425,425,Post-a-Rose,21948526539,https://www.awin1.com/pclick.php?p=21948526539&a=444089&m=425,https://images2.productserve.com/?w=200&h=200&bg=white&trim=5&t=letterbox&url=ssl%3Awww.post-a-rose.com%2Fprod_cat%2Fimages%2FClassic_Carnations_18__________wi480he480moletterboxbgwhite.JPG&feedId=425&k=0ce223cdc6904392fcddf997c1502411993bc1b7,https://images2.productserve.com/?w=70&h=70&bg=white&trim=5&t=letterbox&url=ssl%3Awww.post-a-rose.com%2Fprod_cat%2Fimages%2FClassic_Carnations_18__________wi480he480moletterboxbgwhite.JPG&feedId=425&k=0ce223cdc6904392fcddf997c1502411993bc1b7,393,Flowers,0,Post-a-Rose,PS-CA18CL,Flowers,5060147263664,"Classic Carnations - 18 stems","This long-lasting and excellent value bouquet includes 18 stems of assorted discovery and fancy carnation blooms with complimenting gypsophila. The carnations are an assortment of cerise, lemon, pink and white colours.",,,https://www.post-a-rose.com/prod_cat/P_50-extra-classic-carnations_8751_carnations_1551.html,https://www.post-a-rose.com/prod_cat/images/Classic_Carnations_18__________wi480he480moletterboxbgwhite.JPG,"Next Day",GBP,17.99,0,1,main,"flowers, bouquet"
425,425,Post-a-Rose,21948526545,https://www.awin1.com/pclick.php?p=21948526545&a=444089&m=425,https://images2.productserve.com/?w=200&h=200&bg=white&trim=5&t=letterbox&url=ssl%3Awww.post-a-rose.com%2Fprod_cat%2Fimages%2FCarnations_Pink_18_web__________wi480he480moletterboxbgwhite.JPG&feedId=425&k=a02392f38f6e805d61dbdeca0ab003eecf213d85,https://images2.productserve.com/?w=70&h=70&bg=white&trim=5&t=letterbox&url=ssl%3Awww.post-a-rose.com%2Fprod_cat%2Fimages%2FCarnations_Pink_18_web__________wi480he480moletterboxbgwhite.JPG&feedId=425&k=a02392f38f6e805d61dbdeca0ab003eecf213d85,393,Flowers,0,Post-a-Rose,PS-CA18PI,Flowers,5060147263688,"Pink Carnations - 18 stems","A beautiful selection of 18 long-lasting Carnations in pink colours. Our Carnations are guaranteed for 14 days and we send our Carnations in bud to ensure your receive maximum vase life.",,,https://www.post-a-rose.com/prod_cat/P_50-extra-pink-carnations_8522_carnations_1551.html,https://www.post-a-rose.com/prod_cat/images/Carnations_Pink_18_web__________wi480he480moletterboxbgwhite.JPG,"Next Day",GBP,17.99,0,1,main,"flowers, bouquet"
425,425,Post-a-Rose,21948526551,https://www.awin1.com/pclick.php?p=21948526551&a=444089&m=425,https://images2.productserve.com/?w=200&h=200&bg=white&trim=5&t=letterbox&url=ssl%3Awww.post-a-rose.com%2Fprod_cat%2Fimages%2FPS-CA24YEv1__________wi480he480moletterboxbgwhite.JPG&feedId=425&k=3dc90652e9265eead7d6f2a0f565b6b7dc599939,https://images2.productserve.com/?w=70&h=70&bg=white&trim=5&t=letterbox&url=ssl%3Awww.post-a-rose.com%2Fprod_cat%2Fimages%2FPS-CA24YEv1__________wi480he480moletterboxbgwhite.JPG&feedId=425&k=3dc90652e9265eead7d6f2a0f565b6b7dc599939,393,Flowers,0,Post-a-Rose,PS-CA18YE,Flowers,5060147263701,"Yellow Carnations - 18 stems","A beautiful selection of 18 long-lasting Carnations in yellow colours. Our Carnations are guaranteed for 14 days and we send our Carnations in bud to ensure your receive maximum vase life.",,,https://www.post-a-rose.com/prod_cat/P_50-extra-yellow-carnations_8553_carnations_1551.html,https://www.post-a-rose.com/prod_cat/images/PS-CA24YEv1__________wi480he480moletterboxbgwhite.JPG,"Next Day",GBP,17.99,0,1,main,"flowers, bouquet"
425,425,Post-a-Rose,21948526541,https://www.awin1.com/pclick.php?p=21948526541&a=444089&m=425,https://images2.productserve.com/?w=200&h=200&bg=white&trim=5&t=letterbox&url=ssl%3Awww.post-a-rose.com%2Fprod_cat%2Fimages%2FClassic_Carnations_24__________wi480he480moletterboxbgwhite.JPG&feedId=425&k=4e20dd2b5a762b3b83492f55431351c4aedef3e8,https://images2.productserve.com/?w=70&h=70&bg=white&trim=5&t=letterbox&url=ssl%3Awww.post-a-rose.com%2Fprod_cat%2Fimages%2FClassic_Carnations_24__________wi480he480moletterboxbgwhite.JPG&feedId=425&k=4e20dd2b5a762b3b83492f55431351c4aedef3e8,393,Flowers,0,Post-a-Rose,PS-CA24CL,Flowers,5060147263671,"Classic Carnations - 24 stems","This long-lasting and excellent value bouquet includes 24 stems of assorted discovery and fancy carnation blooms with complimenting gypsophila. The carnations are an assortment of cerise, lemon, pink and white colours.",,,https://www.post-a-rose.com/prod_cat/P_100-extra-classic-carnations_8752_carnations_1551.html,https://www.post-a-rose.com/prod_cat/images/Classic_Carnations_24__________wi480he480moletterboxbgwhite.JPG,"Next Day",GBP,20.99,0,1,main,"flowers, bouquet"
425,425,Post-a-Rose,21948526547,https://www.awin1.com/pclick.php?p=21948526547&a=444089&m=425,https://images2.productserve.com/?w=200&h=200&bg=white&trim=5&t=letterbox&url=ssl%3Awww.post-a-rose.com%2Fprod_cat%2Fimages%2FCarnations_Pink_18_web__________wi480he480moletterboxbgwhite.JPG&feedId=425&k=a02392f38f6e805d61dbdeca0ab003eecf213d85,https://images2.productserve.com/?w=70&h=70&bg=white&trim=5&t=letterbox&url=ssl%3Awww.post-a-rose.com%2Fprod_cat%2Fimages%2FCarnations_Pink_18_web__________wi480he480moletterboxbgwhite.JPG&feedId=425&k=a02392f38f6e805d61dbdeca0ab003eecf213d85,393,Flowers,0,Post-a-Rose,PS-CA24PI,Flowers,5060147263695,"Pink Carnations - 24 stems","A beautiful selection of 24 long-lasting Carnations in pink colours. Our Carnations are guaranteed for 14 days and we send our Carnations in bud to ensure your receive maximum vase life.",,,https://www.post-a-rose.com/prod_cat/P_100-extra-pink-carnations_8831_carnations_1551.html,https://www.post-a-rose.com/prod_cat/images/Carnations_Pink_18_web__________wi480he480moletterboxbgwhite.JPG,"Next Day",GBP,20.99,0,1,main,"flowers, bouquet"
425,425,Post-a-Rose,21948526553,https://www.awin1.com/pclick.php?p=21948526553&a=444089&m=425,https://images2.productserve.com/?w=200&h=200&bg=white&trim=5&t=letterbox&url=ssl%3Awww.post-a-rose.com%2Fprod_cat%2Fimages%2FPS-CA24YEv1__________wi480he480moletterboxbgwhite.JPG&feedId=425&k=3dc90652e9265eead7d6f2a0f565b6b7dc599939,https://images2.productserve.com/?w=70&h=70&bg=white&trim=5&t=letterbox&url=ssl%3Awww.post-a-rose.com%2Fprod_cat%2Fimages%2FPS-CA24YEv1__________wi480he480moletterboxbgwhite.JPG&feedId=425&k=3dc90652e9265eead7d6f2a0f565b6b7dc599939,393,Flowers,0,Post-a-Rose,PS-CA24YE,Flowers,5060147263718,"Yellow Carnations - 24 stems","A beautiful selection of 24 long-lasting Carnations in yellow colours. Our Carnations are guaranteed for 14 days and we send our Carnations in bud to ensure your receive maximum vase life.",,,https://www.post-a-rose.com/prod_cat/P_100-extra-yellow-carnations_8832_carnations_1551.html,https://www.post-a-rose.com/prod_cat/images/PS-CA24YEv1__________wi480he480moletterboxbgwhite.JPG,"Next Day",GBP,20.99,0,1,main,"flowers, bouquet"
425,425,Post-a-Rose,21948772467,https://www.awin1.com/pclick.php?p=21948772467&a=444089&m=425,https://images2.productserve.com/?w=200&h=200&bg=white&trim=5&t=letterbox&url=ssl%3Awww.post-a-rose.com%2Fprod_cat%2Fimages%2FEnchanted%2520Garden%2520PS-EG18%2520Webv1__________wi480he480moletterboxbgwhite.JPG&feedId=425&k=3ea36b497224b010ebcc87e891a943bc723dac1f,https://images2.productserve.com/?w=70&h=70&bg=white&trim=5&t=letterbox&url=ssl%3Awww.post-a-rose.com%2Fprod_cat%2Fimages%2FEnchanted%2520Garden%2520PS-EG18%2520Webv1__________wi480he480moletterboxbgwhite.JPG&feedId=425&k=3ea36b497224b010ebcc87e891a943bc723dac1f,393,Flowers,0,Post-a-Rose,PS-EG18,Flowers,5060147263756,"Enchanted Garden","Make someone's daywith this beautiful bouquet of pink antirrihnums and blue delphiniums - perfect for lovers of this cottage garden inspired design.",,,https://www.post-a-rose.com/prod_cat/P_enchanted-garden-bouquet_8839_summer-flowers_1467.html,https://www.post-a-rose.com/prod_cat/images/Enchanted%20Garden%20PS-EG18%20Webv1__________wi480he480moletterboxbgwhite.JPG,"Next Day",GBP,25.99,0,1,main,"flowers, bouquet"
425,425,Post-a-Rose,21854267875,https://www.awin1.com/pclick.php?p=21854267875&a=444089&m=425,https://images2.productserve.com/?w=200&h=200&bg=white&trim=5&t=letterbox&url=ssl%3Awww.post-a-rose.com%2Fprod_cat%2Fimages%2FFreesia_15__________wi480he480moletterboxbgwhite.JPG&feedId=425&k=8d93d68d735a9fcfaf2f3ff959ab471e90c18ba8,https://images2.productserve.com/?w=70&h=70&bg=white&trim=5&t=letterbox&url=ssl%3Awww.post-a-rose.com%2Fprod_cat%2Fimages%2FFreesia_15__________wi480he480moletterboxbgwhite.JPG&feedId=425&k=8d93d68d735a9fcfaf2f3ff959ab471e90c18ba8,393,Flowers,0,Post-a-Rose,PS-FR15,Flowers,5060147262339,"15 Assorted Freesia","A scented bouquet of 15 fresh freesias in assorted colours will fill your recipients room with a sweet and fragrant aroma.",,,https://www.post-a-rose.com/prod_cat/P_scented-freesia_8282_freesia_1550.html,https://www.post-a-rose.com/prod_cat/images/Freesia_15__________wi480he480moletterboxbgwhite.JPG,"Next Day",GBP,17.5,0,1,main,"flowers, bouquet, freesia"
425,425,Post-a-Rose,21854267877,https://www.awin1.com/pclick.php?p=21854267877&a=444089&m=425,https://images2.productserve.com/?w=200&h=200&bg=white&trim=5&t=letterbox&url=ssl%3Awww.post-a-rose.com%2Fprod_cat%2Fimages%2FFreesia_30__________wi480he480moletterboxbgwhite.JPG&feedId=425&k=65c4623313c9d3fe84ba181fc980311e90663edd,https://images2.productserve.com/?w=70&h=70&bg=white&trim=5&t=letterbox&url=ssl%3Awww.post-a-rose.com%2Fprod_cat%2Fimages%2FFreesia_30__________wi480he480moletterboxbgwhite.JPG&feedId=425&k=65c4623313c9d3fe84ba181fc980311e90663edd,393,Flowers,0,Post-a-Rose,PS-FR25,Flowers,5060147263268,"25 Assorted Freesia","A scented bouquet of 30 fresh freesias in assorted colours will fill your recipients room with a sweet and fragrant aroma.",,,https://www.post-a-rose.com/prod_cat/P_25-scented-freesia_8283_send-roses-and-flowers_171.html,https://www.post-a-rose.com/prod_cat/images/Freesia_30__________wi480he480moletterboxbgwhite.JPG,"Next Day",GBP,24.5,0,1,main,"flowers, bouquet, freesia"
425,425,Post-a-Rose,21948526523,https://www.awin1.com/pclick.php?p=21948526523&a=444089&m=425,https://images2.productserve.com/?w=200&h=200&bg=white&trim=5&t=letterbox&url=ssl%3Awww.post-a-rose.com%2Fprod_cat%2Fimages%2FGerbera%2520Daisies%2520PS-GB20%2520Webv1__________wi480he480moletterboxbgwhite.JPG&feedId=425&k=fb43c7e241dadfaf0be9447360d7ea1aa10bcb30,https://images2.productserve.com/?w=70&h=70&bg=white&trim=5&t=letterbox&url=ssl%3Awww.post-a-rose.com%2Fprod_cat%2Fimages%2FGerbera%2520Daisies%2520PS-GB20%2520Webv1__________wi480he480moletterboxbgwhite.JPG&feedId=425&k=fb43c7e241dadfaf0be9447360d7ea1aa10bcb30,393,Flowers,0,Post-a-Rose,PS-GB20,Flowers,5060147262421,"20 Gerbera Daisies","A beautiful bouquet of 20 stems of Gerbera daisies.",,,https://www.post-a-rose.com/prod_cat/P_gerbera-daisies_7815_gerbera-daisies_1455.html,https://www.post-a-rose.com/prod_cat/images/Gerbera%20Daisies%20PS-GB20%20Webv1__________wi480he480moletterboxbgwhite.JPG,"Next Day",GBP,19.99,0,1,main,"flowers, bouquet, gerbera"
425,425,Post-a-Rose,21948772463,https://www.awin1.com/pclick.php?p=21948772463&a=444089&m=425,https://images2.productserve.com/?w=200&h=200&bg=white&trim=5&t=letterbox&url=ssl%3Awww.post-a-rose.com%2Fprod_cat%2Fimages%2FPink%2520Gerbera%2520and%2520Roses%2520PS-GRP%2520Webv1__________wi480he480moletterboxbgwhite.JPG&feedId=425&k=10eb1d6870926ea7344e23537ec3205e2ee315a0,https://images2.productserve.com/?w=70&h=70&bg=white&trim=5&t=letterbox&url=ssl%3Awww.post-a-rose.com%2Fprod_cat%2Fimages%2FPink%2520Gerbera%2520and%2520Roses%2520PS-GRP%2520Webv1__________wi480he480moletterboxbgwhite.JPG&feedId=425&k=10eb1d6870926ea7344e23537ec3205e2ee315a0,393,Flowers,0,Post-a-Rose,PS-GBP,Flowers,5060147263732,"Pink Gerbera & Roses","This charming bouquet is filled with pale pink, lilac and purple flowers to make an attractive feminine gift.",,,https://www.post-a-rose.com/prod_cat/P_pink-gerbera-amp-rose_8838_summer-flowers_1467.html,https://www.post-a-rose.com/prod_cat/images/Pink%20Gerbera%20and%20Roses%20PS-GRP%20Webv1__________wi480he480moletterboxbgwhite.JPG,"Next Day",GBP,22.99,0,1,main,"flowers, bouquet"
425,425,Post-a-Rose,21948526531,https://www.awin1.com/pclick.php?p=21948526531&a=444089&m=425,https://images2.productserve.com/?w=200&h=200&bg=white&trim=5&t=letterbox&url=ssl%3Awww.post-a-rose.com%2Fprod_cat%2Fimages%2FPink_Lily_Bouquet_4__________wi480he480moletterboxbgwhite.JPG&feedId=425&k=fc73ea0a993d85189bf4ea4244bbb104c4b93447,https://images2.productserve.com/?w=70&h=70&bg=white&trim=5&t=letterbox&url=ssl%3Awww.post-a-rose.com%2Fprod_cat%2Fimages%2FPink_Lily_Bouquet_4__________wi480he480moletterboxbgwhite.JPG&feedId=425&k=fc73ea0a993d85189bf4ea4244bbb104c4b93447,393,Flowers,0,Post-a-Rose,PS-LO5P,Flowers,5060147262476,"Pink Lily Bouquet","A delightful bouquet of five fragrant pink oriental lilies, which are presented in attractive wrap. Send it for a birthday, anniversary, get well or simply just because you care.",,,https://www.post-a-rose.com/prod_cat/P_pink-lily-bouquet_8177_lilies_1450.html,https://www.post-a-rose.com/prod_cat/images/Pink_Lily_Bouquet_4__________wi480he480moletterboxbgwhite.JPG,"Next Day",GBP,19.5,0,1,main,"flowers, bouquet, lily, lilies"
425,425,Post-a-Rose,21948526527,https://www.awin1.com/pclick.php?p=21948526527&a=444089&m=425,https://images2.productserve.com/?w=200&h=200&bg=white&trim=5&t=letterbox&url=ssl%3Awww.post-a-rose.com%2Fprod_cat%2Fimages%2FWhite_Lily_Bouquet_4__________wi480he480moletterboxbgwhite.JPG&feedId=425&k=b1bd61e988352d9e4d4b493dc8c93cd4edf56658,https://images2.productserve.com/?w=70&h=70&bg=white&trim=5&t=letterbox&url=ssl%3Awww.post-a-rose.com%2Fprod_cat%2Fimages%2FWhite_Lily_Bouquet_4__________wi480he480moletterboxbgwhite.JPG&feedId=425&k=b1bd61e988352d9e4d4b493dc8c93cd4edf56658,393,Flowers,0,Post-a-Rose,PS-LO5W,Flowers,5060147262445,"White Lily Bouquet","A beautifully wrapped bouquet of white Oriental lilies. Each of the 5 stems has between 3 and 5 blooms create a bouquet that is not only stunning to look at, but also has an exquisite fragrance.",,,https://www.post-a-rose.com/prod_cat/P_white-lily-bouquet_8176_lilies_1450.html,https://www.post-a-rose.com/prod_cat/images/White_Lily_Bouquet_4__________wi480he480moletterboxbgwhite.JPG,"Next Day",GBP,19.5,0,1,main,"flowers, bouquet, lily, lilies"
425,425,Post-a-Rose,21948526533,https://www.awin1.com/pclick.php?p=21948526533&a=444089&m=425,https://images2.productserve.com/?w=200&h=200&bg=white&trim=5&t=letterbox&url=ssl%3Awww.post-a-rose.com%2Fprod_cat%2Fimages%2FPink_Lily_Boquuet_6__________wi480he480moletterboxbgwhite.JPG&feedId=425&k=944f9808bf8ed35ec6a27259a5a5b93e0dbcd9e3,https://images2.productserve.com/?w=70&h=70&bg=white&trim=5&t=letterbox&url=ssl%3Awww.post-a-rose.com%2Fprod_cat%2Fimages%2FPink_Lily_Boquuet_6__________wi480he480moletterboxbgwhite.JPG&feedId=425&k=944f9808bf8ed35ec6a27259a5a5b93e0dbcd9e3,393,Flowers,0,Post-a-Rose,PS-LO7P,Flowers,5060147262483,"Large Pink Lily Bouquet","A delightful bouquet of seven fragrant pink oriental lilies, which are presented in attractive wrap. Send it for a birthday, anniversary, get well or simply just because you care.",,,https://www.post-a-rose.com/prod_cat/P_large-pink-lily-bouquet_8396_lilies_1450.html,https://www.post-a-rose.com/prod_cat/images/Pink_Lily_Boquuet_6__________wi480he480moletterboxbgwhite.JPG,"Next Day",GBP,24.5,0,1,main,"flowers, bouquet, lily, lilies"
425,425,Post-a-Rose,21948526529,https://www.awin1.com/pclick.php?p=21948526529&a=444089&m=425,https://images2.productserve.com/?w=200&h=200&bg=white&trim=5&t=letterbox&url=ssl%3Awww.post-a-rose.com%2Fprod_cat%2Fimages%2FWhite_Lily_Bouquet_6__________wi480he480moletterboxbgwhite.JPG&feedId=425&k=6aa26547e3a3a0c4bb70c8e7f547c658c031ce31,https://images2.productserve.com/?w=70&h=70&bg=white&trim=5&t=letterbox&url=ssl%3Awww.post-a-rose.com%2Fprod_cat%2Fimages%2FWhite_Lily_Bouquet_6__________wi480he480moletterboxbgwhite.JPG&feedId=425&k=6aa26547e3a3a0c4bb70c8e7f547c658c031ce31,393,Flowers,0,Post-a-Rose,PS-LO7W,Flowers,5060147262452,"Large White Lily Bouquet","A beautifully wrapped bouquet of white Oriental lilies. Each of the 7 stems has between 3 and 5 blooms create a bouquet that is not only stunning to look at, but also has an exquisite fragrance.",,,https://www.post-a-rose.com/prod_cat/P_large-white-lily-bouquet_8398_lilies_1450.html,https://www.post-a-rose.com/prod_cat/images/White_Lily_Bouquet_6__________wi480he480moletterboxbgwhite.JPG,"Next Day",GBP,24.5,0,1,main,"flowers, bouquet, lily, lilies"
425,425,Post-a-Rose,21935161619,https://www.awin1.com/pclick.php?p=21935161619&a=444089&m=425,https://images2.productserve.com/?w=200&h=200&bg=white&trim=5&t=letterbox&url=ssl%3Awww.post-a-rose.com%2Fprod_cat%2Fimages%2FPeonies_Pink_6__________wi480he480moletterboxbgwhite.JPG&feedId=425&k=7ad642bbdb6c06501b0c546621bdf5c58abdd9af,https://images2.productserve.com/?w=70&h=70&bg=white&trim=5&t=letterbox&url=ssl%3Awww.post-a-rose.com%2Fprod_cat%2Fimages%2FPeonies_Pink_6__________wi480he480moletterboxbgwhite.JPG&feedId=425&k=7ad642bbdb6c06501b0c546621bdf5c58abdd9af,393,Flowers,0,Post-a-Rose,PS-PE6,Flowers,5060147262261,"Pink Peonies - 6 stems","6 pretty pink peonies are simply mixed with delicate greenbell to make a beautiful bouquet. This stunning peony bouquet inspires wonderful images of traditional country gardens. Peonies are delivered in bud to ensure the recipient gets the most vase life from them.",,,https://www.post-a-rose.com/prod_cat/P_six-pink-peonies_7989_peonies_1486.html,https://www.post-a-rose.com/prod_cat/images/Peonies_Pink_6__________wi480he480moletterboxbgwhite.JPG,"Next Day",GBP,19.99,0,1,main,"flowers, bouquet"
425,425,Post-a-Rose,21935161621,https://www.awin1.com/pclick.php?p=21935161621&a=444089&m=425,https://images2.productserve.com/?w=200&h=200&bg=white&trim=5&t=letterbox&url=ssl%3Awww.post-a-rose.com%2Fprod_cat%2Fimages%2FPeonies_Pink_9__________wi480he480moletterboxbgwhite.JPG&feedId=425&k=4e6b622453064969b43b2fa3efc5aaf539935dc7,https://images2.productserve.com/?w=70&h=70&bg=white&trim=5&t=letterbox&url=ssl%3Awww.post-a-rose.com%2Fprod_cat%2Fimages%2FPeonies_Pink_9__________wi480he480moletterboxbgwhite.JPG&feedId=425&k=4e6b622453064969b43b2fa3efc5aaf539935dc7,393,Flowers,0,Post-a-Rose,PS-PE9,Flowers,5060147262278,"Pink Peonies - 9 stems","9 pretty pink peonies are simply mixed with delicate greenbell to make a beautiful bouquet. This stunning peony bouquet inspires wonderful images of traditional country gardens. Peonies are delivered in bud to ensure the recipient gets the most vase life from them.",,,https://www.post-a-rose.com/prod_cat/P_9-pink-peonies_8387_peonies_1486.html,https://www.post-a-rose.com/prod_cat/images/Peonies_Pink_9__________wi480he480moletterboxbgwhite.JPG,"Next Day",GBP,25.99,0,1,main,"flowers, bouquet"
425,425,Post-a-Rose,21854267835,https://www.awin1.com/pclick.php?p=21854267835&a=444089&m=425,https://images2.productserve.com/?w=200&h=200&bg=white&trim=5&t=letterbox&url=ssl%3Awww.post-a-rose.com%2Fprod_cat%2Fimages%2FRoses_Petite_20__________wi480he480moletterboxbgwhite.JPG&feedId=425&k=d1d9f79d0ae74edc4417a1cb8bd82b41ce3c24d6,https://images2.productserve.com/?w=70&h=70&bg=white&trim=5&t=letterbox&url=ssl%3Awww.post-a-rose.com%2Fprod_cat%2Fimages%2FRoses_Petite_20__________wi480he480moletterboxbgwhite.JPG&feedId=425&k=d1d9f79d0ae74edc4417a1cb8bd82b41ce3c24d6,393,Flowers,0,Post-a-Rose,PS-RP20,Flowers,5060147262124,"20 Assorted Petite Roses","20 petite roses in assorted colours always makes a wonderful present and incredible value!",,,https://www.post-a-rose.com/prod_cat/P_20-petite-roses_8389_send-roses_1449.html,https://www.post-a-rose.com/prod_cat/images/Roses_Petite_20__________wi480he480moletterboxbgwhite.JPG,"Next Day",GBP,15.99,0,1,main,"flowers, bouquet, roses"
425,425,Post-a-Rose,21854267837,https://www.awin1.com/pclick.php?p=21854267837&a=444089&m=425,https://images2.productserve.com/?w=200&h=200&bg=white&trim=5&t=letterbox&url=ssl%3Awww.post-a-rose.com%2Fprod_cat%2Fimages%2FRoses_Petite_30__________wi480he480moletterboxbgwhite.JPG&feedId=425&k=f9195248afab8d0124c68d6c6395a1c47c7514a6,https://images2.productserve.com/?w=70&h=70&bg=white&trim=5&t=letterbox&url=ssl%3Awww.post-a-rose.com%2Fprod_cat%2Fimages%2FRoses_Petite_30__________wi480he480moletterboxbgwhite.JPG&feedId=425&k=f9195248afab8d0124c68d6c6395a1c47c7514a6,393,Flowers,0,Post-a-Rose,PS-RP30,Flowers,5060147262131,"30 Assorted Petite Roses","30 petite roses in assorted colours always makes a wonderful present and incredible value!",,,https://www.post-a-rose.com/prod_cat/P_30-petite-roses_8390_send-roses_1449.html,https://www.post-a-rose.com/prod_cat/images/Roses_Petite_30__________wi480he480moletterboxbgwhite.JPG,"Next Day",GBP,20.99,0,1,main,"flowers, bouquet, roses"
425,425,Post-a-Rose,21854267839,https://www.awin1.com/pclick.php?p=21854267839&a=444089&m=425,https://images2.productserve.com/?w=200&h=200&bg=white&trim=5&t=letterbox&url=ssl%3Awww.post-a-rose.com%2Fprod_cat%2Fimages%2FRoses_Petite_40__________wi480he480moletterboxbgwhite.JPG&feedId=425&k=d0dee87fb8f1362741ade45d4376d26bdbcffaeb,https://images2.productserve.com/?w=70&h=70&bg=white&trim=5&t=letterbox&url=ssl%3Awww.post-a-rose.com%2Fprod_cat%2Fimages%2FRoses_Petite_40__________wi480he480moletterboxbgwhite.JPG&feedId=425&k=d0dee87fb8f1362741ade45d4376d26bdbcffaeb,393,Flowers,0,Post-a-Rose,PS-RP40,Flowers,5060147262148,"40 Assorted Petite Roses","40 petite roses in assorted colours always makes a wonderful present and incredible value!",,,https://www.post-a-rose.com/prod_cat/P_40-petite-roses_8391_send-roses_1449.html,https://www.post-a-rose.com/prod_cat/images/Roses_Petite_40__________wi480he480moletterboxbgwhite.JPG,"Next Day",GBP,25.99,0,1,main,"flowers, bouquet, roses"
425,425,Post-a-Rose,21854267841,https://www.awin1.com/pclick.php?p=21854267841&a=444089&m=425,https://images2.productserve.com/?w=200&h=200&bg=white&trim=5&t=letterbox&url=ssl%3Awww.post-a-rose.com%2Fprod_cat%2Fimages%2F12_pink_roses__________wi480he480moletterboxbgwhite.jpg&feedId=425&k=ffa07b5a3e19c4005be9d42fed16266f4b32b158,https://images2.productserve.com/?w=70&h=70&bg=white&trim=5&t=letterbox&url=ssl%3Awww.post-a-rose.com%2Fprod_cat%2Fimages%2F12_pink_roses__________wi480he480moletterboxbgwhite.jpg&feedId=425&k=ffa07b5a3e19c4005be9d42fed16266f4b32b158,393,Flowers,0,Post-a-Rose,PS-RS12,Flowers,5060147262353,"12 Rose Bouquet","12 Colour Roses - Available in Yellow, Pink, Apricot, Cream and White",,,https://www.post-a-rose.com/prod_cat/P_12-rose-bouquet_7753_send-roses_1449.html,https://www.post-a-rose.com/prod_cat/images/12_pink_roses__________wi480he480moletterboxbgwhite.jpg,"Next Day",GBP,19.5,0,1,main,"flowers, bouquet, roses"
425,425,Post-a-Rose,21854267847,https://www.awin1.com/pclick.php?p=21854267847&a=444089&m=425,https://images2.productserve.com/?w=200&h=200&bg=white&trim=5&t=letterbox&url=ssl%3Awww.post-a-rose.com%2Fprod_cat%2Fimages%2F12_mixed_roses__________wi480he480moletterboxbgwhite.jpg&feedId=425&k=d420397eb587a86fb7d207205d3838461de6e455,https://images2.productserve.com/?w=70&h=70&bg=white&trim=5&t=letterbox&url=ssl%3Awww.post-a-rose.com%2Fprod_cat%2Fimages%2F12_mixed_roses__________wi480he480moletterboxbgwhite.jpg&feedId=425&k=d420397eb587a86fb7d207205d3838461de6e455,393,Flowers,0,Post-a-Rose,PS-RS12MX,Flowers,5060147260120,"12 Classic Mixed Roses","12 Classic Mixed Rose Bouquet.",,,https://www.post-a-rose.com/prod_cat/P_12-mixed-rose-bouquet_7756_send-roses_1449.html,https://www.post-a-rose.com/prod_cat/images/12_mixed_roses__________wi480he480moletterboxbgwhite.jpg,"Next Day",GBP,20.99,0,1,main,"flowers, bouquet, roses"
425,425,Post-a-Rose,21854267853,https://www.awin1.com/pclick.php?p=21854267853&a=444089&m=425,https://images2.productserve.com/?w=200&h=200&bg=white&trim=5&t=letterbox&url=ssl%3Awww.post-a-rose.com%2Fprod_cat%2Fimages%2FDozen_Red_Rose_2015_v1__________wi480he480moletterboxbgwhite.JPG&feedId=425&k=386f482c1aa6cde7119e3d84f2215bf69a7d39f9,https://images2.productserve.com/?w=70&h=70&bg=white&trim=5&t=letterbox&url=ssl%3Awww.post-a-rose.com%2Fprod_cat%2Fimages%2FDozen_Red_Rose_2015_v1__________wi480he480moletterboxbgwhite.JPG&feedId=425&k=386f482c1aa6cde7119e3d84f2215bf69a7d39f9,393,Flowers,0,Post-a-Rose,PS-RS12RE,Flowers,5060147262391,"Dozen Red Roses","12 Select Long Stem Red Roses",,,https://www.post-a-rose.com/prod_cat/P_dozen-red-roses_876_send-roses_1449.html,https://www.post-a-rose.com/prod_cat/images/Dozen_Red_Rose_2015_v1__________wi480he480moletterboxbgwhite.JPG,"Next Day",GBP,24.5,0,1,main,"flowers, bouquet, roses"
425,425,Post-a-Rose,21854267843,https://www.awin1.com/pclick.php?p=21854267843&a=444089&m=425,https://images2.productserve.com/?w=200&h=200&bg=white&trim=5&t=letterbox&url=ssl%3Awww.post-a-rose.com%2Fprod_cat%2Fimages%2F18_gold_roses__________wi480he480moletterboxbgwhite.jpg&feedId=425&k=f4b281fd3775f7e58269a68e33fe07f81b306e59,https://images2.productserve.com/?w=70&h=70&bg=white&trim=5&t=letterbox&url=ssl%3Awww.post-a-rose.com%2Fprod_cat%2Fimages%2F18_gold_roses__________wi480he480moletterboxbgwhite.jpg&feedId=425&k=f4b281fd3775f7e58269a68e33fe07f81b306e59,393,Flowers,0,Post-a-Rose,PS-RS18,Flowers,5060147262360,"18 Rose Bouquet","18 Colour Roses - Available in Yellow, Pink, Apricot, Cream and White",,,https://www.post-a-rose.com/prod_cat/P_18-rose-bouquet_7771_send-roses_1449.html,https://www.post-a-rose.com/prod_cat/images/18_gold_roses__________wi480he480moletterboxbgwhite.jpg,"Next Day",GBP,24.5,0,1,main,"flowers, bouquet, roses"
425,425,Post-a-Rose,21854267849,https://www.awin1.com/pclick.php?p=21854267849&a=444089&m=425,https://images2.productserve.com/?w=200&h=200&bg=white&trim=5&t=letterbox&url=ssl%3Awww.post-a-rose.com%2Fprod_cat%2Fimages%2F18_mixed_roses__________wi480he480moletterboxbgwhite.jpg&feedId=425&k=283094d2f4c068a843e81a70286d9523211ab605,https://images2.productserve.com/?w=70&h=70&bg=white&trim=5&t=letterbox&url=ssl%3Awww.post-a-rose.com%2Fprod_cat%2Fimages%2F18_mixed_roses__________wi480he480moletterboxbgwhite.jpg&feedId=425&k=283094d2f4c068a843e81a70286d9523211ab605,393,Flowers,0,Post-a-Rose,PS-RS18MX,Flowers,5060147260137,"18 Classic Mixed Roses","18 Classic Mixed Rose Bouquet.",,,https://www.post-a-rose.com/prod_cat/P_18-mixed-rose-bouquet_877_send-roses_1449.html,https://www.post-a-rose.com/prod_cat/images/18_mixed_roses__________wi480he480moletterboxbgwhite.jpg,"Next Day",GBP,25.99,0,1,main,"flowers, bouquet, roses"
425,425,Post-a-Rose,21854267855,https://www.awin1.com/pclick.php?p=21854267855&a=444089&m=425,https://images2.productserve.com/?w=200&h=200&bg=white&trim=5&t=letterbox&url=ssl%3Awww.post-a-rose.com%2Fprod_cat%2Fimages%2FRed_Roses_18__________wi480he480moletterboxbgwhite.JPG&feedId=425&k=37d06590fa715ad1696ee8c455d10531833e7370,https://images2.productserve.com/?w=70&h=70&bg=white&trim=5&t=letterbox&url=ssl%3Awww.post-a-rose.com%2Fprod_cat%2Fimages%2FRed_Roses_18__________wi480he480moletterboxbgwhite.JPG&feedId=425&k=37d06590fa715ad1696ee8c455d10531833e7370,393,Flowers,0,Post-a-Rose,PS-RS18RE,Flowers,5060147262407,"18 Select Red Roses","18 Select Long Stem Red Roses",,,https://www.post-a-rose.com/prod_cat/P_18-red-roses_8394_send-roses_1449.html,https://www.post-a-rose.com/prod_cat/images/Red_Roses_18__________wi480he480moletterboxbgwhite.JPG,"Next Day",GBP,29.5,0,1,main,"flowers, bouquet, roses"
425,425,Post-a-Rose,21854267845,https://www.awin1.com/pclick.php?p=21854267845&a=444089&m=425,https://images2.productserve.com/?w=200&h=200&bg=white&trim=5&t=letterbox&url=ssl%3Awww.post-a-rose.com%2Fprod_cat%2Fimages%2FRoses_24__________wi480he480moletterboxbgwhite.JPG&feedId=425&k=4a611f47846dfc094c85ee04d9c7f22faecc1741,https://images2.productserve.com/?w=70&h=70&bg=white&trim=5&t=letterbox&url=ssl%3Awww.post-a-rose.com%2Fprod_cat%2Fimages%2FRoses_24__________wi480he480moletterboxbgwhite.JPG&feedId=425&k=4a611f47846dfc094c85ee04d9c7f22faecc1741,393,Flowers,0,Post-a-Rose,PS-RS24,Flowers,5060147262377,"24 Rose Bouquet","24 Colour Roses - Available in Yellow, Pink, Apricot, Cream and White",,,https://www.post-a-rose.com/prod_cat/P_24-rose-bouquet_8392_send-roses_1449.html,https://www.post-a-rose.com/prod_cat/images/Roses_24__________wi480he480moletterboxbgwhite.JPG,"Next Day",GBP,29.5,0,1,main,"flowers, bouquet, roses"
425,425,Post-a-Rose,21854267851,https://www.awin1.com/pclick.php?p=21854267851&a=444089&m=425,https://images2.productserve.com/?w=200&h=200&bg=white&trim=5&t=letterbox&url=ssl%3Awww.post-a-rose.com%2Fprod_cat%2Fimages%2FMixed_Roses_24__________wi480he480moletterboxbgwhite.JPG&feedId=425&k=85f6b91383264b1d734b03942b911daa63687178,https://images2.productserve.com/?w=70&h=70&bg=white&trim=5&t=letterbox&url=ssl%3Awww.post-a-rose.com%2Fprod_cat%2Fimages%2FMixed_Roses_24__________wi480he480moletterboxbgwhite.JPG&feedId=425&k=85f6b91383264b1d734b03942b911daa63687178,393,Flowers,0,Post-a-Rose,PS-RS24MX,Flowers,5060147262384,"24 Classic Mixed Roses","24 Classic Mixed Rose Bouquet.",,,https://www.post-a-rose.com/prod_cat/P_24-mixed-rose-bouquet_8393_send-roses_1449.html,https://www.post-a-rose.com/prod_cat/images/Mixed_Roses_24__________wi480he480moletterboxbgwhite.JPG,"Next Day",GBP,29.99,0,1,main,"flowers, bouquet, roses"
425,425,Post-a-Rose,21854267857,https://www.awin1.com/pclick.php?p=21854267857&a=444089&m=425,https://images2.productserve.com/?w=200&h=200&bg=white&trim=5&t=letterbox&url=ssl%3Awww.post-a-rose.com%2Fprod_cat%2Fimages%2FRed_Roses_24__________wi480he480moletterboxbgwhite.JPG&feedId=425&k=986b21745f2471cba1cc4e83180ca1f46bb96fdd,https://images2.productserve.com/?w=70&h=70&bg=white&trim=5&t=letterbox&url=ssl%3Awww.post-a-rose.com%2Fprod_cat%2Fimages%2FRed_Roses_24__________wi480he480moletterboxbgwhite.JPG&feedId=425&k=986b21745f2471cba1cc4e83180ca1f46bb96fdd,393,Flowers,0,Post-a-Rose,PS-RS24RE,Flowers,5060147262414,"24 Select Red Roses","24 Select Long Stem Red Roses",,,https://www.post-a-rose.com/prod_cat/P_two-dozen-red-roses_8395_send-roses_1449.html,https://www.post-a-rose.com/prod_cat/images/Red_Roses_24__________wi480he480moletterboxbgwhite.JPG,"Next Day",GBP,34.5,0,1,main,"flowers, bouquet, roses"
425,425,Post-a-Rose,21948772455,https://www.awin1.com/pclick.php?p=21948772455&a=444089&m=425,https://images2.productserve.com/?w=200&h=200&bg=white&trim=5&t=letterbox&url=ssl%3Awww.post-a-rose.com%2Fprod_cat%2Fimages%2FSummer_Cheer_Web_v1__________wi480he480moletterboxbgwhite.JPG&feedId=425&k=4dd5d3d315cccdeb70e53bb43eb13efbf2b9039c,https://images2.productserve.com/?w=70&h=70&bg=white&trim=5&t=letterbox&url=ssl%3Awww.post-a-rose.com%2Fprod_cat%2Fimages%2FSummer_Cheer_Web_v1__________wi480he480moletterboxbgwhite.JPG&feedId=425&k=4dd5d3d315cccdeb70e53bb43eb13efbf2b9039c,393,Flowers,0,Post-a-Rose,PS-SC15,Flowers,5060147263015,"Summer Cheer Bouquet","This gorgeous bouquet that oozes summer sunshine and includes fabulous sunflowers, pink roses and scented stocks. This assortment is enchanced with striking dracaena foliage  and yellow solidago. Guaranteed to brighten up someone's day!",,,https://www.post-a-rose.com/prod_cat/P_summer-cheer_8646_summer-flowers_1467.html,https://www.post-a-rose.com/prod_cat/images/Summer_Cheer_Web_v1__________wi480he480moletterboxbgwhite.JPG,"Next Day",GBP,21.99,0,1,main,"flowers, bouquet"
425,425,Post-a-Rose,21948772453,https://www.awin1.com/pclick.php?p=21948772453&a=444089&m=425,https://images2.productserve.com/?w=200&h=200&bg=white&trim=5&t=letterbox&url=ssl%3Awww.post-a-rose.com%2Fprod_cat%2Fimages%2FSummer_Grace_Bouquet_Web_v1__________wi480he480moletterboxbgwhite.JPG&feedId=425&k=0ce8b5ee43a9184609e068d92c567a6e2d37aea5,https://images2.productserve.com/?w=70&h=70&bg=white&trim=5&t=letterbox&url=ssl%3Awww.post-a-rose.com%2Fprod_cat%2Fimages%2FSummer_Grace_Bouquet_Web_v1__________wi480he480moletterboxbgwhite.JPG&feedId=425&k=0ce8b5ee43a9184609e068d92c567a6e2d37aea5,393,Flowers,0,Post-a-Rose,PS-SG15,Flowers,5060147263244,"Summer Grace Bouquet","This charming summer bouquet is full of scent. Lilac stocks are combined with purple statice and white roses. White gerbera and ammi finish this classic bouquet. A wonderful present from someone who loves tradition and understated elegance.",,,https://www.post-a-rose.com/prod_cat/P_summer-grace-bouquet_8709_summer-flowers_1467.html,https://www.post-a-rose.com/prod_cat/images/Summer_Grace_Bouquet_Web_v1__________wi480he480moletterboxbgwhite.JPG,"Next Day",GBP,20.99,0,1,main,"flowers, bouquet"
425,425,Post-a-Rose,21948772461,https://www.awin1.com/pclick.php?p=21948772461&a=444089&m=425,https://images2.productserve.com/?w=200&h=200&bg=white&trim=5&t=letterbox&url=ssl%3Awww.post-a-rose.com%2Fprod_cat%2Fimages%2FSummer%2520Smile%2520PS-SS18%2520Webv1__________wi480he480moletterboxbgwhite.JPG&feedId=425&k=4a80694fc45e984d9d410f0f4d696e95c56fdc53,https://images2.productserve.com/?w=70&h=70&bg=white&trim=5&t=letterbox&url=ssl%3Awww.post-a-rose.com%2Fprod_cat%2Fimages%2FSummer%2520Smile%2520PS-SS18%2520Webv1__________wi480he480moletterboxbgwhite.JPG&feedId=425&k=4a80694fc45e984d9d410f0f4d696e95c56fdc53,393,Flowers,0,Post-a-Rose,PS-SS18S,Flowers,5060147263725,"Summer Smile","An elegant and cheerful bouquet, which is sure to bring a smile to your recipient. Yellow roses are complimented by lilac bouvardia, long-lasting white carnations along with alstroemeria.",,,https://www.post-a-rose.com/prod_cat/P_summer-smile_8835_summer-flowers_1467.html,https://www.post-a-rose.com/prod_cat/images/Summer%20Smile%20PS-SS18%20Webv1__________wi480he480moletterboxbgwhite.JPG,"Next Day",GBP,19.99,0,1,main,"flowers, bouquet"
425,425,Post-a-Rose,21948526555,https://www.awin1.com/pclick.php?p=21948526555&a=444089&m=425,https://images2.productserve.com/?w=200&h=200&bg=white&trim=5&t=letterbox&url=ssl%3Awww.post-a-rose.com%2Fprod_cat%2Fimages%2FSunflowers%2520PS-SU9%2520Webv1__________wi480he480moletterboxbgwhite.JPG&feedId=425&k=625bf4d9b0833801bd7ffa00911895e90fc28c5b,https://images2.productserve.com/?w=70&h=70&bg=white&trim=5&t=letterbox&url=ssl%3Awww.post-a-rose.com%2Fprod_cat%2Fimages%2FSunflowers%2520PS-SU9%2520Webv1__________wi480he480moletterboxbgwhite.JPG&feedId=425&k=625bf4d9b0833801bd7ffa00911895e90fc28c5b,393,Flowers,0,Post-a-Rose,PS-SU9,Flowers,5060147262315,Sunflowers,"9 glorious Sunflowers - guaranteed to  add a little bit of sunshine to brighten their day! Gorgeous and cheerful, sunflowers are always a delight to receive.",,,https://www.post-a-rose.com/prod_cat/P_sunflowers_7817_sunflowers_1457.html,https://www.post-a-rose.com/prod_cat/images/Sunflowers%20PS-SU9%20Webv1__________wi480he480moletterboxbgwhite.JPG,"Next Day",GBP,19.5,0,1,main,"flowers, bouquet"
425,425,Post-a-Rose,21854267937,https://www.awin1.com/pclick.php?p=21854267937&a=444089&m=425,https://images2.productserve.com/?w=200&h=200&bg=white&trim=5&t=letterbox&url=ssl%3Awww.post-a-rose.com%2Fprod_cat%2Fimages%2FAnniversary_Gift_Package__________wi480he480moletterboxbgwhite.jpg&feedId=425&k=684124087eac93cd6f5b14ab8ad0b61a6333a74c,https://images2.productserve.com/?w=70&h=70&bg=white&trim=5&t=letterbox&url=ssl%3Awww.post-a-rose.com%2Fprod_cat%2Fimages%2FAnniversary_Gift_Package__________wi480he480moletterboxbgwhite.jpg&feedId=425&k=684124087eac93cd6f5b14ab8ad0b61a6333a74c,393,Flowers,0,Post-a-Rose,RFGP,Flowers,5060147262162,"Anniversary Flowers Gift Package","A classic gift that has everything you need for mark a wonderful celebration. This Celebration gift includes of a beautiful bouquet of a dozen deep red roses, hand-tied with gypsophila and seasonal foliage, a bottle of Brut Ros? Cava (75cl), delicious handmade chocolate truffles (250g) and 2 pints of fresh red rose petals.",,,https://www.post-a-rose.com/prod_cat/P_anniversary-flowers-gift-package_8151_anniversary-flowers_1441.html,https://www.post-a-rose.com/prod_cat/images/Anniversary_Gift_Package__________wi480he480moletterboxbgwhite.jpg,"Next Day",GBP,62.5,0,1,main,"flowers, bouquet"
425,425,Post-a-Rose,21854267917,https://www.awin1.com/pclick.php?p=21854267917&a=444089&m=425,https://images2.productserve.com/?w=200&h=200&bg=white&trim=5&t=letterbox&url=ssl%3Awww.post-a-rose.com%2Fprod_cat%2Fimages%2Fblack_roses_web_v1__________wi480he480moletterboxbgwhite.JPG&feedId=425&k=a9b0c5f0f1300abaa21af9508ce7dee47213c1ef,https://images2.productserve.com/?w=70&h=70&bg=white&trim=5&t=letterbox&url=ssl%3Awww.post-a-rose.com%2Fprod_cat%2Fimages%2Fblack_roses_web_v1__________wi480he480moletterboxbgwhite.JPG&feedId=425&k=a9b0c5f0f1300abaa21af9508ce7dee47213c1ef,393,Flowers,0,Post-a-Rose,"SEL BLACK",Flowers,5060147260830,"Select Black Roses","A luxurious bouquet of 12 Black Roses that oozes mystery and fascination. One Dozen Black Baccara roses with rich velvety petals are the closest rose to black that naturally exists.",,,https://www.post-a-rose.com/prod_cat/P_black-roses_7963_send-roses_1449.html,https://www.post-a-rose.com/prod_cat/images/black_roses_web_v1__________wi480he480moletterboxbgwhite.JPG,"Next Day",GBP,29.5,0,1,main,"flowers, bouquet"
425,425,Post-a-Rose,21854267833,https://www.awin1.com/pclick.php?p=21854267833&a=444089&m=425,https://images2.productserve.com/?w=200&h=200&bg=white&trim=5&t=letterbox&url=ssl%3Awww.post-a-rose.com%2Fprod_cat%2Fimages%2FSingle_Rose__________wi480he480moletterboxbgwhite.jpg&feedId=425&k=6e44eb767d1d348248a1e95cde44bde7ad2b04d3,https://images2.productserve.com/?w=70&h=70&bg=white&trim=5&t=letterbox&url=ssl%3Awww.post-a-rose.com%2Fprod_cat%2Fimages%2FSingle_Rose__________wi480he480moletterboxbgwhite.jpg&feedId=425&k=6e44eb767d1d348248a1e95cde44bde7ad2b04d3,393,Flowers,0,Post-a-Rose,SING,Flowers,5060147261196,"Single Red Rose","Single Red Rose in a elegant lined box tied with ribbon. Also available in Yellow, Pink, Apricot, Cream and White. Includes a 1 to 2 day postal delivery",,,https://www.post-a-rose.com/prod_cat/P_single-rose_872_send-roses_1449.html,https://www.post-a-rose.com/prod_cat/images/Single_Rose__________wi480he480moletterboxbgwhite.jpg,"Next Day",GBP,14.5,0,1,main,"single rose, rose, gift, romantic"
425,425,Post-a-Rose,21854267915,https://www.awin1.com/pclick.php?p=21854267915&a=444089&m=425,https://images2.productserve.com/?w=200&h=200&bg=white&trim=5&t=letterbox&url=ssl%3Awww.post-a-rose.com%2Fprod_cat%2Fimages%2Fsingle_black_rose_web_v1__________wi480he480moletterboxbgwhite.JPG&feedId=425&k=a2d05cdb51ecd021976c89623a0108b645fa0ac3,https://images2.productserve.com/?w=70&h=70&bg=white&trim=5&t=letterbox&url=ssl%3Awww.post-a-rose.com%2Fprod_cat%2Fimages%2Fsingle_black_rose_web_v1__________wi480he480moletterboxbgwhite.JPG&feedId=425&k=a2d05cdb51ecd021976c89623a0108b645fa0ac3,393,Flowers,0,Post-a-Rose,SINGBLACK,Flowers,5060147262216,"Single Black Rose","Single Black Rose in a elegant lined box tied with ribbon.",,,https://www.post-a-rose.com/prod_cat/P_single-black-rose_7967_send-roses_1449.html,https://www.post-a-rose.com/prod_cat/images/single_black_rose_web_v1__________wi480he480moletterboxbgwhite.JPG,"Next Day",GBP,15.5,0,1,main,"flowers, bouquet"
425,425,Post-a-Rose,21854267901,https://www.awin1.com/pclick.php?p=21854267901&a=444089&m=425,https://images2.productserve.com/?w=200&h=200&bg=white&trim=5&t=letterbox&url=ssl%3Awww.post-a-rose.com%2Fprod_cat%2Fimages%2Fwhite_roses_white_lilies__________wi480he480moletterboxbgwhite.jpg&feedId=425&k=5f6e31e92adeef0bb367bb6aa84f6afc2cde2f69,https://images2.productserve.com/?w=70&h=70&bg=white&trim=5&t=letterbox&url=ssl%3Awww.post-a-rose.com%2Fprod_cat%2Fimages%2Fwhite_roses_white_lilies__________wi480he480moletterboxbgwhite.jpg&feedId=425&k=5f6e31e92adeef0bb367bb6aa84f6afc2cde2f69,393,Flowers,0,Post-a-Rose,WHLI,Flowers,5060147260250,"White Rose & Lily Bouquet","This exquisite bouquet of white roses and lilies is a sophisticated gift that is appropiate for any occasion.",,,https://www.post-a-rose.com/prod_cat/P_white-rose--lily-bouquet_5151_lilies_1450.html,https://www.post-a-rose.com/prod_cat/images/white_roses_white_lilies__________wi480he480moletterboxbgwhite.jpg,"Next Day",GBP,35,0,1,main,"flowers, bouquet, roses, lily, lilies"
425,425,Post-a-Rose,21854267897,https://www.awin1.com/pclick.php?p=21854267897&a=444089&m=425,https://images2.productserve.com/?w=200&h=200&bg=white&trim=5&t=letterbox&url=ssl%3Awww.post-a-rose.com%2Fprod_cat%2Fimages%2Fyellow_roses_white_lilies__________wi480he480moletterboxbgwhite.jpg&feedId=425&k=79e7262d3a1763198f23320006ba22d8de9b7760,https://images2.productserve.com/?w=70&h=70&bg=white&trim=5&t=letterbox&url=ssl%3Awww.post-a-rose.com%2Fprod_cat%2Fimages%2Fyellow_roses_white_lilies__________wi480he480moletterboxbgwhite.jpg&feedId=425&k=79e7262d3a1763198f23320006ba22d8de9b7760,393,Flowers,0,Post-a-Rose,YELI,Flowers,5060147260243,"Yellow Rose & Lily Bouquet","A stunning bouquet of golden yellow roses and white lilies. Sure to bring delighted smiles along with your best wishes.",,,https://www.post-a-rose.com/prod_cat/P_yellow-rose--lily-bouquet_5152_lilies_1450.html,https://www.post-a-rose.com/prod_cat/images/yellow_roses_white_lilies__________wi480he480moletterboxbgwhite.jpg,"Next Day",GBP,35,0,1,main,"flowers, bouquet, roses, lily, lilies"
